cohort_definition_id,age_group,sex,n,cdm_name
1,"(20,25]",Female,2,CPRD GOLD 100k
1,"(20,25]",Male,2,CPRD GOLD 100k
1,"(25,30]",Female,5,CPRD GOLD 100k
1,"(30,35]",Female,5,CPRD GOLD 100k
1,"(30,35]",Male,1,CPRD GOLD 100k
1,"(35,40]",Female,6,CPRD GOLD 100k
1,"(40,45]",Female,6,CPRD GOLD 100k
1,"(45,50]",Female,4,CPRD GOLD 100k
1,"(45,50]",Male,4,CPRD GOLD 100k
1,"(50,55]",Female,5,CPRD GOLD 100k
1,"(50,55]",Male,1,CPRD GOLD 100k
1,"(55,60]",Female,1,CPRD GOLD 100k
1,"(60,65]",Female,2,CPRD GOLD 100k
1,"(65,70]",Female,6,CPRD GOLD 100k
1,"(65,70]",Male,1,CPRD GOLD 100k
1,"(75,80]",Female,2,CPRD GOLD 100k
1,"(85,90]",Female,1,CPRD GOLD 100k
2,"(20,25]",Female,2,CPRD GOLD 100k
2,"(20,25]",Male,2,CPRD GOLD 100k
2,"(25,30]",Female,4,CPRD GOLD 100k
2,"(30,35]",Female,4,CPRD GOLD 100k
2,"(35,40]",Female,5,CPRD GOLD 100k
2,"(40,45]",Female,5,CPRD GOLD 100k
2,"(45,50]",Female,4,CPRD GOLD 100k
2,"(45,50]",Male,3,CPRD GOLD 100k
2,"(50,55]",Female,5,CPRD GOLD 100k
2,"(55,60]",Female,1,CPRD GOLD 100k
2,"(60,65]",Female,2,CPRD GOLD 100k
2,"(65,70]",Female,4,CPRD GOLD 100k
2,"(65,70]",Male,1,CPRD GOLD 100k
2,"(75,80]",Female,2,CPRD GOLD 100k
3,"(20,25]",Female,2,CPRD GOLD 100k
3,"(20,25]",Male,2,CPRD GOLD 100k
3,"(25,30]",Female,4,CPRD GOLD 100k
3,"(30,35]",Female,4,CPRD GOLD 100k
3,"(35,40]",Female,5,CPRD GOLD 100k
3,"(40,45]",Female,5,CPRD GOLD 100k
3,"(45,50]",Female,4,CPRD GOLD 100k
3,"(45,50]",Male,3,CPRD GOLD 100k
3,"(50,55]",Female,5,CPRD GOLD 100k
3,"(55,60]",Female,1,CPRD GOLD 100k
3,"(60,65]",Female,2,CPRD GOLD 100k
3,"(65,70]",Female,4,CPRD GOLD 100k
3,"(65,70]",Male,1,CPRD GOLD 100k
3,"(75,80]",Female,2,CPRD GOLD 100k
4,"(10,15]",Female,1,CPRD GOLD 100k
4,"(15,20]",Female,1,CPRD GOLD 100k
5,"(10,15]",Female,1,CPRD GOLD 100k
5,"(15,20]",Female,1,CPRD GOLD 100k
6,"(10,15]",Female,1,CPRD GOLD 100k
6,"(15,20]",Female,1,CPRD GOLD 100k
7,"(40,45]",Female,1,CPRD GOLD 100k
7,"(40,45]",Male,1,CPRD GOLD 100k
7,"(45,50]",Male,1,CPRD GOLD 100k
7,"(50,55]",Female,1,CPRD GOLD 100k
7,"(50,55]",Male,2,CPRD GOLD 100k
7,"(55,60]",Female,1,CPRD GOLD 100k
7,"(55,60]",Male,4,CPRD GOLD 100k
7,"(60,65]",Female,11,CPRD GOLD 100k
7,"(60,65]",Male,4,CPRD GOLD 100k
7,"(65,70]",Female,7,CPRD GOLD 100k
7,"(65,70]",Male,3,CPRD GOLD 100k
7,"(70,75]",Female,15,CPRD GOLD 100k
7,"(70,75]",Male,6,CPRD GOLD 100k
7,"(75,80]",Female,8,CPRD GOLD 100k
7,"(75,80]",Male,7,CPRD GOLD 100k
7,"(80,85]",Female,5,CPRD GOLD 100k
7,"(80,85]",Male,6,CPRD GOLD 100k
7,"(85,90]",Female,1,CPRD GOLD 100k
7,"(85,90]",Male,1,CPRD GOLD 100k
7,"(90,95]",Female,2,CPRD GOLD 100k
7,"(90,95]",Male,4,CPRD GOLD 100k
7,"(95,100]",Female,1,CPRD GOLD 100k
7,"(95,100]",Male,1,CPRD GOLD 100k
8,"(40,45]",Female,1,CPRD GOLD 100k
8,"(40,45]",Male,1,CPRD GOLD 100k
8,"(45,50]",Male,1,CPRD GOLD 100k
8,"(50,55]",Female,1,CPRD GOLD 100k
8,"(50,55]",Male,2,CPRD GOLD 100k
8,"(55,60]",Female,1,CPRD GOLD 100k
8,"(55,60]",Male,4,CPRD GOLD 100k
8,"(60,65]",Female,10,CPRD GOLD 100k
8,"(60,65]",Male,4,CPRD GOLD 100k
8,"(65,70]",Female,7,CPRD GOLD 100k
8,"(65,70]",Male,3,CPRD GOLD 100k
8,"(70,75]",Female,15,CPRD GOLD 100k
8,"(70,75]",Male,6,CPRD GOLD 100k
8,"(75,80]",Female,8,CPRD GOLD 100k
8,"(75,80]",Male,7,CPRD GOLD 100k
8,"(80,85]",Female,5,CPRD GOLD 100k
8,"(80,85]",Male,6,CPRD GOLD 100k
8,"(85,90]",Female,1,CPRD GOLD 100k
8,"(85,90]",Male,1,CPRD GOLD 100k
8,"(90,95]",Female,2,CPRD GOLD 100k
8,"(90,95]",Male,4,CPRD GOLD 100k
8,"(95,100]",Female,1,CPRD GOLD 100k
8,"(95,100]",Male,1,CPRD GOLD 100k
9,"(40,45]",Female,1,CPRD GOLD 100k
9,"(40,45]",Male,1,CPRD GOLD 100k
9,"(45,50]",Male,1,CPRD GOLD 100k
9,"(50,55]",Female,1,CPRD GOLD 100k
9,"(50,55]",Male,2,CPRD GOLD 100k
9,"(55,60]",Female,1,CPRD GOLD 100k
9,"(55,60]",Male,4,CPRD GOLD 100k
9,"(60,65]",Female,11,CPRD GOLD 100k
9,"(60,65]",Male,4,CPRD GOLD 100k
9,"(65,70]",Female,7,CPRD GOLD 100k
9,"(65,70]",Male,3,CPRD GOLD 100k
9,"(70,75]",Female,14,CPRD GOLD 100k
9,"(70,75]",Male,6,CPRD GOLD 100k
9,"(75,80]",Female,8,CPRD GOLD 100k
9,"(75,80]",Male,7,CPRD GOLD 100k
9,"(80,85]",Female,5,CPRD GOLD 100k
9,"(80,85]",Male,6,CPRD GOLD 100k
9,"(85,90]",Female,1,CPRD GOLD 100k
9,"(85,90]",Male,1,CPRD GOLD 100k
9,"(90,95]",Female,2,CPRD GOLD 100k
9,"(90,95]",Male,4,CPRD GOLD 100k
9,"(95,100]",Female,1,CPRD GOLD 100k
9,"(95,100]",Male,1,CPRD GOLD 100k
10,"(40,45]",Female,1,CPRD GOLD 100k
10,"(40,45]",Male,1,CPRD GOLD 100k
10,"(50,55]",Female,1,CPRD GOLD 100k
10,"(50,55]",Male,2,CPRD GOLD 100k
10,"(55,60]",Female,1,CPRD GOLD 100k
10,"(55,60]",Male,4,CPRD GOLD 100k
10,"(60,65]",Female,9,CPRD GOLD 100k
10,"(60,65]",Male,4,CPRD GOLD 100k
10,"(65,70]",Female,7,CPRD GOLD 100k
10,"(65,70]",Male,3,CPRD GOLD 100k
10,"(70,75]",Female,14,CPRD GOLD 100k
10,"(70,75]",Male,5,CPRD GOLD 100k
10,"(75,80]",Female,7,CPRD GOLD 100k
10,"(75,80]",Male,6,CPRD GOLD 100k
10,"(80,85]",Female,5,CPRD GOLD 100k
10,"(80,85]",Male,6,CPRD GOLD 100k
10,"(85,90]",Female,1,CPRD GOLD 100k
10,"(85,90]",Male,1,CPRD GOLD 100k
10,"(90,95]",Female,2,CPRD GOLD 100k
10,"(90,95]",Male,3,CPRD GOLD 100k
10,"(95,100]",Female,1,CPRD GOLD 100k
10,"(95,100]",Male,1,CPRD GOLD 100k
11,"(70,75]",Female,1,CPRD GOLD 100k
