cohort_definition_id,age_group,sex,n,cdm_name
1,"(40,45]",Female,NA,CPRD GOLD 100k
1,"(40,45]",Male,NA,CPRD GOLD 100k
1,"(45,50]",Male,NA,CPRD GOLD 100k
1,"(50,55]",Female,NA,CPRD GOLD 100k
1,"(50,55]",Male,NA,CPRD GOLD 100k
1,"(55,60]",Female,NA,CPRD GOLD 100k
1,"(55,60]",Male,NA,CPRD GOLD 100k
1,"(60,65]",Female,11,CPRD GOLD 100k
1,"(60,65]",Male,NA,CPRD GOLD 100k
1,"(65,70]",Female,7,CPRD GOLD 100k
1,"(65,70]",Male,NA,CPRD GOLD 100k
1,"(70,75]",Female,15,CPRD GOLD 100k
1,"(70,75]",Male,6,CPRD GOLD 100k
1,"(75,80]",Female,8,CPRD GOLD 100k
1,"(75,80]",Male,7,CPRD GOLD 100k
1,"(80,85]",Female,5,CPRD GOLD 100k
1,"(80,85]",Male,6,CPRD GOLD 100k
1,"(85,90]",Female,NA,CPRD GOLD 100k
1,"(85,90]",Male,NA,CPRD GOLD 100k
1,"(90,95]",Female,NA,CPRD GOLD 100k
1,"(90,95]",Male,NA,CPRD GOLD 100k
1,"(95,100]",Female,NA,CPRD GOLD 100k
1,"(95,100]",Male,NA,CPRD GOLD 100k
