cdm_name,result_type,package_name,package_version,group_name,group_level,strata_name,strata_level,variable_name,variable_level,estimate_name,estimate_type,estimate_value,additional_name,additional_level,standard_concept_id,concept_id_1,relationship_id,type,cohort
CPRD GOLD 100k,achilles_code_use,CodelistGenerator,2.2.2,by_concept,192568,recomendation,overall,Record count,overall,count,integer,44,standard_concept_name ; standard_concept_id,Secondary malignant neoplasm of intra-abdominal lymph nodes ; 192568,192568,192261,Patient context,reccomended_codes,panc_can_broad
CPRD GOLD 100k,achilles_code_use,CodelistGenerator,2.2.2,by_concept,192963,recomendation,overall,Record count,overall,count,integer,1328,standard_concept_name ; standard_concept_id,Disorder of pancreas ; 192963,192963,4129886,Ontology-parent,reccomended_codes,panc_can_broad
CPRD GOLD 100k,achilles_code_use,CodelistGenerator,2.2.2,by_concept,196064,recomendation,overall,Record count,overall,count,integer,47,standard_concept_name ; standard_concept_id,Carcinoma in situ of digestive organ ; 196064,196064,4245553,Ontology-parent,reccomended_codes,panc_can_broad
CPRD GOLD 100k,achilles_code_use,CodelistGenerator,2.2.2,by_concept,196925,recomendation,overall,Record count,overall,count,integer,33,standard_concept_name ; standard_concept_id,Secondary malignant neoplasm of retroperitoneum and peritoneum ; 196925,196925,192261,Patient context,reccomended_codes,panc_can_broad
CPRD GOLD 100k,achilles_code_use,CodelistGenerator,2.2.2,by_concept,198700,recomendation,overall,Record count,overall,count,integer,23023,standard_concept_name ; standard_concept_id,Secondary malignant neoplasm of liver ; 198700,198700,434293,Patient context,reccomended_codes,panc_can_broad
CPRD GOLD 100k,achilles_code_use,CodelistGenerator,2.2.2,by_concept,201066,recomendation,overall,Record count,overall,count,integer,1814,standard_concept_name ; standard_concept_id,Obstruction of bile duct ; 201066,201066,199754,Patient context,reccomended_codes,panc_can_broad
CPRD GOLD 100k,achilles_code_use,CodelistGenerator,2.2.2,by_concept,432582,recomendation,overall,Record count,overall,count,integer,534,standard_concept_name ; standard_concept_id,Neoplastic disease of uncertain behavior ; 432582,432582,4121327,Ontology-parent,reccomended_codes,panc_can_broad
CPRD GOLD 100k,achilles_code_use,CodelistGenerator,2.2.2,by_concept,432851,recomendation,overall,Record count,overall,count,integer,10644,standard_concept_name ; standard_concept_id,Secondary malignant neoplastic disease ; 432851,432851,4248192,Lexical via standard,reccomended_codes,panc_can_broad
CPRD GOLD 100k,achilles_code_use,CodelistGenerator,2.2.2,by_concept,433435,recomendation,overall,Record count,overall,count,integer,7932,standard_concept_name ; standard_concept_id,Carcinoma in situ ; 433435,433435,43021774,Lexical via standard,reccomended_codes,panc_can_broad
CPRD GOLD 100k,achilles_code_use,CodelistGenerator,2.2.2,by_concept,440063,recomendation,overall,Record count,overall,count,integer,60,standard_concept_name ; standard_concept_id,"Benign neoplasm of pancreas, excluding islets of Langerhans ; 440063",440063,4129886,Lexical via source,reccomended_codes,panc_can_broad
CPRD GOLD 100k,achilles_code_use,CodelistGenerator,2.2.2,by_concept,4092074,recomendation,overall,Record count,overall,count,integer,7,standard_concept_name ; standard_concept_id,Malignant neoplasm of ectopic pancreatic tissue ; 4092074,4092074,4180793,Ontology-descendant,reccomended_codes,panc_can_broad
CPRD GOLD 100k,achilles_code_use,CodelistGenerator,2.2.2,by_concept,4116238,recomendation,overall,Record count,overall,count,integer,3753,standard_concept_name ; standard_concept_id,Malignant tumor of digestive organ ; 4116238,4116238,4180793,Ontology-parent,reccomended_codes,panc_can_broad
CPRD GOLD 100k,achilles_code_use,CodelistGenerator,2.2.2,by_concept,4147162,recomendation,overall,Record count,overall,count,integer,2841,standard_concept_name ; standard_concept_id,Secondary malignant neoplasm of respiratory and digestive systems ; 4147162,4147162,434293,Patient context,reccomended_codes,panc_can_broad
CPRD GOLD 100k,achilles_code_use,CodelistGenerator,2.2.2,by_concept,4153890,recomendation,overall,Record count,overall,count,integer,35,standard_concept_name ; standard_concept_id,Malignant melanoma of trunk ; 4153890,4153890,764972,Ontology-parent,reccomended_codes,panc_can_broad
CPRD GOLD 100k,achilles_code_use,CodelistGenerator,2.2.2,by_concept,4156115,recomendation,overall,Record count,overall,count,integer,318,standard_concept_name ; standard_concept_id,Malignant neoplasm of endocrine gland ; 4156115,4156115,4112734,Ontology-parent,reccomended_codes,panc_can_broad
CPRD GOLD 100k,achilles_code_use,CodelistGenerator,2.2.2,by_concept,4178966,recomendation,overall,Record count,overall,count,integer,512,standard_concept_name ; standard_concept_id,Malignant tumor of ampulla of Vater ; 4178966,4178966,4094866,Ontology-descendant,reccomended_codes,panc_can_broad
CPRD GOLD 100k,achilles_code_use,CodelistGenerator,2.2.2,by_concept,4180794,recomendation,overall,Record count,overall,count,integer,169,standard_concept_name ; standard_concept_id,Malignant retroperitoneal tumor ; 4180794,4180794,4180793,Ontology-parent,reccomended_codes,panc_can_broad
CPRD GOLD 100k,achilles_code_use,CodelistGenerator,2.2.2,by_concept,4239892,recomendation,overall,Record count,overall,count,integer,49,standard_concept_name ; standard_concept_id,Benign neoplasm of head of pancreas ; 4239892,4239892,4131621,Lexical via standard,reccomended_codes,panc_can_broad
CPRD GOLD 100k,achilles_code_use,CodelistGenerator,2.2.2,by_concept,4241016,recomendation,overall,Record count,overall,count,integer,13,standard_concept_name ; standard_concept_id,Benign neoplasm of body of pancreas ; 4241016,4241016,4130521,Ontology-descendant,reccomended_codes,panc_can_broad
CPRD GOLD 100k,achilles_code_use,CodelistGenerator,2.2.2,by_concept,4242656,recomendation,overall,Record count,overall,count,integer,12,standard_concept_name ; standard_concept_id,Benign neoplasm of tail of pancreas ; 4242656,4242656,4131623,Lexical via standard,reccomended_codes,panc_can_broad
CPRD GOLD 100k,achilles_code_use,CodelistGenerator,2.2.2,by_concept,4243563,recomendation,overall,Record count,overall,count,integer,12,standard_concept_name ; standard_concept_id,Benign neoplasm of pancreatic duct ; 4243563,4243563,4131745,Ontology-descendant,reccomended_codes,panc_can_broad
CPRD GOLD 100k,achilles_code_use,CodelistGenerator,2.2.2,by_concept,4265600,recomendation,overall,Record count,overall,count,integer,38171,standard_concept_name ; standard_concept_id,Gastric ulcer ; 4265600,4265600,4200399,Ontology-parent,reccomended_codes,panc_can_broad
CPRD GOLD 100k,achilles_code_use,CodelistGenerator,2.2.2,by_concept,4300595,recomendation,overall,Record count,overall,count,integer,20,standard_concept_name ; standard_concept_id,Neoplasm of endocrine system ; 4300595,4300595,4129886,Ontology-parent,reccomended_codes,panc_can_broad
CPRD GOLD 100k,achilles_code_use,CodelistGenerator,2.2.2,by_concept,4302836,recomendation,overall,Record count,overall,count,integer,21,standard_concept_name ; standard_concept_id,Neoplasm of endocrine gland ; 4302836,4302836,4130522,Ontology-parent,reccomended_codes,panc_can_broad
CPRD GOLD 100k,achilles_code_use,CodelistGenerator,2.2.2,by_concept,4315535,recomendation,overall,Record count,overall,count,integer,262,standard_concept_name ; standard_concept_id,Neoplasm of uncertain behavior of pancreas ; 4315535,4315535,4129886,Ontology-descendant,reccomended_codes,panc_can_broad
CPRD GOLD 100k,achilles_code_use,CodelistGenerator,2.2.2,by_concept,4315806,recomendation,overall,Record count,overall,count,integer,42,standard_concept_name ; standard_concept_id,Secondary malignant neoplasm of retroperitoneum ; 4315806,4315806,4248192,Ontology-parent,reccomended_codes,panc_can_broad
CPRD GOLD 100k,achilles_code_use,CodelistGenerator,2.2.2,by_concept,4028860,recomendation,overall,Record count,overall,count,integer,407,standard_concept_name ; standard_concept_id,Neuroendocrine neoplasm ; 4028860,4028860,4028719,Ontology-parent,reccomended_codes,panc_can_broad
CPRD GOLD 100k,achilles_code_use,CodelistGenerator,2.2.2,by_concept,192568,recomendation,overall,Person count,overall,count,integer,44,standard_concept_name ; standard_concept_id,Secondary malignant neoplasm of intra-abdominal lymph nodes ; 192568,192568,192261,Patient context,reccomended_codes,panc_can_broad
CPRD GOLD 100k,achilles_code_use,CodelistGenerator,2.2.2,by_concept,192963,recomendation,overall,Person count,overall,count,integer,1120,standard_concept_name ; standard_concept_id,Disorder of pancreas ; 192963,192963,4129886,Ontology-parent,reccomended_codes,panc_can_broad
CPRD GOLD 100k,achilles_code_use,CodelistGenerator,2.2.2,by_concept,196064,recomendation,overall,Person count,overall,count,integer,29,standard_concept_name ; standard_concept_id,Carcinoma in situ of digestive organ ; 196064,196064,4245553,Ontology-parent,reccomended_codes,panc_can_broad
CPRD GOLD 100k,achilles_code_use,CodelistGenerator,2.2.2,by_concept,196925,recomendation,overall,Person count,overall,count,integer,33,standard_concept_name ; standard_concept_id,Secondary malignant neoplasm of retroperitoneum and peritoneum ; 196925,196925,192261,Patient context,reccomended_codes,panc_can_broad
CPRD GOLD 100k,achilles_code_use,CodelistGenerator,2.2.2,by_concept,198700,recomendation,overall,Person count,overall,count,integer,19309,standard_concept_name ; standard_concept_id,Secondary malignant neoplasm of liver ; 198700,198700,434293,Patient context,reccomended_codes,panc_can_broad
CPRD GOLD 100k,achilles_code_use,CodelistGenerator,2.2.2,by_concept,201066,recomendation,overall,Person count,overall,count,integer,1394,standard_concept_name ; standard_concept_id,Obstruction of bile duct ; 201066,201066,199754,Patient context,reccomended_codes,panc_can_broad
CPRD GOLD 100k,achilles_code_use,CodelistGenerator,2.2.2,by_concept,432582,recomendation,overall,Person count,overall,count,integer,501,standard_concept_name ; standard_concept_id,Neoplastic disease of uncertain behavior ; 432582,432582,4121327,Ontology-parent,reccomended_codes,panc_can_broad
CPRD GOLD 100k,achilles_code_use,CodelistGenerator,2.2.2,by_concept,432851,recomendation,overall,Person count,overall,count,integer,9566,standard_concept_name ; standard_concept_id,Secondary malignant neoplastic disease ; 432851,432851,4248192,Lexical via standard,reccomended_codes,panc_can_broad
CPRD GOLD 100k,achilles_code_use,CodelistGenerator,2.2.2,by_concept,433435,recomendation,overall,Person count,overall,count,integer,6992,standard_concept_name ; standard_concept_id,Carcinoma in situ ; 433435,433435,43021774,Lexical via standard,reccomended_codes,panc_can_broad
CPRD GOLD 100k,achilles_code_use,CodelistGenerator,2.2.2,by_concept,440063,recomendation,overall,Person count,overall,count,integer,56,standard_concept_name ; standard_concept_id,"Benign neoplasm of pancreas, excluding islets of Langerhans ; 440063",440063,4129886,Lexical via source,reccomended_codes,panc_can_broad
CPRD GOLD 100k,achilles_code_use,CodelistGenerator,2.2.2,by_concept,4092074,recomendation,overall,Person count,overall,count,integer,7,standard_concept_name ; standard_concept_id,Malignant neoplasm of ectopic pancreatic tissue ; 4092074,4092074,4180793,Ontology-descendant,reccomended_codes,panc_can_broad
CPRD GOLD 100k,achilles_code_use,CodelistGenerator,2.2.2,by_concept,4116238,recomendation,overall,Person count,overall,count,integer,3248,standard_concept_name ; standard_concept_id,Malignant tumor of digestive organ ; 4116238,4116238,4180793,Ontology-parent,reccomended_codes,panc_can_broad
CPRD GOLD 100k,achilles_code_use,CodelistGenerator,2.2.2,by_concept,4147162,recomendation,overall,Person count,overall,count,integer,2622,standard_concept_name ; standard_concept_id,Secondary malignant neoplasm of respiratory and digestive systems ; 4147162,4147162,434293,Patient context,reccomended_codes,panc_can_broad
CPRD GOLD 100k,achilles_code_use,CodelistGenerator,2.2.2,by_concept,4153890,recomendation,overall,Person count,overall,count,integer,33,standard_concept_name ; standard_concept_id,Malignant melanoma of trunk ; 4153890,4153890,764972,Ontology-parent,reccomended_codes,panc_can_broad
CPRD GOLD 100k,achilles_code_use,CodelistGenerator,2.2.2,by_concept,4156115,recomendation,overall,Person count,overall,count,integer,306,standard_concept_name ; standard_concept_id,Malignant neoplasm of endocrine gland ; 4156115,4156115,4112734,Ontology-parent,reccomended_codes,panc_can_broad
CPRD GOLD 100k,achilles_code_use,CodelistGenerator,2.2.2,by_concept,4178966,recomendation,overall,Person count,overall,count,integer,368,standard_concept_name ; standard_concept_id,Malignant tumor of ampulla of Vater ; 4178966,4178966,4094866,Ontology-descendant,reccomended_codes,panc_can_broad
CPRD GOLD 100k,achilles_code_use,CodelistGenerator,2.2.2,by_concept,4180794,recomendation,overall,Person count,overall,count,integer,145,standard_concept_name ; standard_concept_id,Malignant retroperitoneal tumor ; 4180794,4180794,4180793,Ontology-parent,reccomended_codes,panc_can_broad
CPRD GOLD 100k,achilles_code_use,CodelistGenerator,2.2.2,by_concept,4239892,recomendation,overall,Person count,overall,count,integer,46,standard_concept_name ; standard_concept_id,Benign neoplasm of head of pancreas ; 4239892,4239892,4131621,Lexical via standard,reccomended_codes,panc_can_broad
CPRD GOLD 100k,achilles_code_use,CodelistGenerator,2.2.2,by_concept,4241016,recomendation,overall,Person count,overall,count,integer,13,standard_concept_name ; standard_concept_id,Benign neoplasm of body of pancreas ; 4241016,4241016,4130521,Ontology-descendant,reccomended_codes,panc_can_broad
CPRD GOLD 100k,achilles_code_use,CodelistGenerator,2.2.2,by_concept,4242656,recomendation,overall,Person count,overall,count,integer,11,standard_concept_name ; standard_concept_id,Benign neoplasm of tail of pancreas ; 4242656,4242656,4131623,Lexical via standard,reccomended_codes,panc_can_broad
CPRD GOLD 100k,achilles_code_use,CodelistGenerator,2.2.2,by_concept,4243563,recomendation,overall,Person count,overall,count,integer,12,standard_concept_name ; standard_concept_id,Benign neoplasm of pancreatic duct ; 4243563,4243563,4131745,Ontology-descendant,reccomended_codes,panc_can_broad
CPRD GOLD 100k,achilles_code_use,CodelistGenerator,2.2.2,by_concept,4265600,recomendation,overall,Person count,overall,count,integer,29931,standard_concept_name ; standard_concept_id,Gastric ulcer ; 4265600,4265600,4200399,Ontology-parent,reccomended_codes,panc_can_broad
CPRD GOLD 100k,achilles_code_use,CodelistGenerator,2.2.2,by_concept,4300595,recomendation,overall,Person count,overall,count,integer,19,standard_concept_name ; standard_concept_id,Neoplasm of endocrine system ; 4300595,4300595,4129886,Ontology-parent,reccomended_codes,panc_can_broad
CPRD GOLD 100k,achilles_code_use,CodelistGenerator,2.2.2,by_concept,4302836,recomendation,overall,Person count,overall,count,integer,21,standard_concept_name ; standard_concept_id,Neoplasm of endocrine gland ; 4302836,4302836,4130522,Ontology-parent,reccomended_codes,panc_can_broad
CPRD GOLD 100k,achilles_code_use,CodelistGenerator,2.2.2,by_concept,4315535,recomendation,overall,Person count,overall,count,integer,241,standard_concept_name ; standard_concept_id,Neoplasm of uncertain behavior of pancreas ; 4315535,4315535,4129886,Ontology-descendant,reccomended_codes,panc_can_broad
CPRD GOLD 100k,achilles_code_use,CodelistGenerator,2.2.2,by_concept,4315806,recomendation,overall,Person count,overall,count,integer,41,standard_concept_name ; standard_concept_id,Secondary malignant neoplasm of retroperitoneum ; 4315806,4315806,4248192,Ontology-parent,reccomended_codes,panc_can_broad
CPRD GOLD 100k,achilles_code_use,CodelistGenerator,2.2.2,by_concept,4028860,recomendation,overall,Person count,overall,count,integer,353,standard_concept_name ; standard_concept_id,Neuroendocrine neoplasm ; 4028860,4028860,4028719,Ontology-parent,reccomended_codes,panc_can_broad
CPRD GOLD 100k,achilles_code_use,CodelistGenerator,2.2.2,by_concept,4092072,original_codes,overall,Record count,overall,count,integer,154,standard_concept_name ; standard_concept_id,Malignant tumor of body of pancreas ; 4092072,4092072,4092072,original_codes,original_codes,panc_can_broad
CPRD GOLD 100k,achilles_code_use,CodelistGenerator,2.2.2,by_concept,4094866,original_codes,overall,Record count,overall,count,integer,272,standard_concept_name ; standard_concept_id,Malignant tumor of pancreatic duct ; 4094866,4094866,4094866,original_codes,original_codes,panc_can_broad
CPRD GOLD 100k,achilles_code_use,CodelistGenerator,2.2.2,by_concept,4095436,original_codes,overall,Record count,overall,count,integer,207,standard_concept_name ; standard_concept_id,Malignant tumor of tail of pancreas ; 4095436,4095436,4095436,original_codes,original_codes,panc_can_broad
CPRD GOLD 100k,achilles_code_use,CodelistGenerator,2.2.2,by_concept,4130522,original_codes,overall,Record count,overall,count,integer,78,standard_concept_name ; standard_concept_id,Neoplasm of endocrine pancreas ; 4130522,4130522,4130522,original_codes,original_codes,panc_can_broad
CPRD GOLD 100k,achilles_code_use,CodelistGenerator,2.2.2,by_concept,4178967,original_codes,overall,Record count,overall,count,integer,1171,standard_concept_name ; standard_concept_id,Malignant tumor of head of pancreas ; 4178967,4178967,4178967,original_codes,original_codes,panc_can_broad
CPRD GOLD 100k,achilles_code_use,CodelistGenerator,2.2.2,by_concept,4180793,original_codes,overall,Record count,overall,count,integer,16377,standard_concept_name ; standard_concept_id,Malignant tumor of pancreas ; 4180793,4180793,4180793,original_codes,original_codes,panc_can_broad
CPRD GOLD 100k,achilles_code_use,CodelistGenerator,2.2.2,by_concept,4200399,original_codes,overall,Record count,overall,count,integer,134,standard_concept_name ; standard_concept_id,Zollinger-Ellison syndrome ; 4200399,4200399,4200399,original_codes,original_codes,panc_can_broad
CPRD GOLD 100k,achilles_code_use,CodelistGenerator,2.2.2,by_concept,4245553,original_codes,overall,Record count,overall,count,integer,1955,standard_concept_name ; standard_concept_id,Carcinoma in situ of pancreas ; 4245553,4245553,4245553,original_codes,original_codes,panc_can_broad
CPRD GOLD 100k,achilles_code_use,CodelistGenerator,2.2.2,by_concept,4028719,original_codes,overall,Record count,overall,count,integer,13,standard_concept_name ; standard_concept_id,Glucagonoma ; 4028719,4028719,4028719,original_codes,original_codes,panc_can_broad
CPRD GOLD 100k,achilles_code_use,CodelistGenerator,2.2.2,by_concept,4037498,original_codes,overall,Record count,overall,count,integer,169,standard_concept_name ; standard_concept_id,Gastrinoma ; 4037498,4037498,4037498,original_codes,original_codes,panc_can_broad
CPRD GOLD 100k,achilles_code_use,CodelistGenerator,2.2.2,by_concept,4059440,original_codes,overall,Record count,overall,count,integer,11,standard_concept_name ; standard_concept_id,"Gastrinoma, malignant ; 4059440",4059440,4059440,original_codes,original_codes,panc_can_broad
CPRD GOLD 100k,achilles_code_use,CodelistGenerator,2.2.2,by_concept,4092072,original_codes,overall,Person count,overall,count,integer,140,standard_concept_name ; standard_concept_id,Malignant tumor of body of pancreas ; 4092072,4092072,4092072,original_codes,original_codes,panc_can_broad
CPRD GOLD 100k,achilles_code_use,CodelistGenerator,2.2.2,by_concept,4094866,original_codes,overall,Person count,overall,count,integer,251,standard_concept_name ; standard_concept_id,Malignant tumor of pancreatic duct ; 4094866,4094866,4094866,original_codes,original_codes,panc_can_broad
CPRD GOLD 100k,achilles_code_use,CodelistGenerator,2.2.2,by_concept,4095436,original_codes,overall,Person count,overall,count,integer,195,standard_concept_name ; standard_concept_id,Malignant tumor of tail of pancreas ; 4095436,4095436,4095436,original_codes,original_codes,panc_can_broad
CPRD GOLD 100k,achilles_code_use,CodelistGenerator,2.2.2,by_concept,4130522,original_codes,overall,Person count,overall,count,integer,57,standard_concept_name ; standard_concept_id,Neoplasm of endocrine pancreas ; 4130522,4130522,4130522,original_codes,original_codes,panc_can_broad
CPRD GOLD 100k,achilles_code_use,CodelistGenerator,2.2.2,by_concept,4178967,original_codes,overall,Person count,overall,count,integer,1025,standard_concept_name ; standard_concept_id,Malignant tumor of head of pancreas ; 4178967,4178967,4178967,original_codes,original_codes,panc_can_broad
CPRD GOLD 100k,achilles_code_use,CodelistGenerator,2.2.2,by_concept,4180793,original_codes,overall,Person count,overall,count,integer,11667,standard_concept_name ; standard_concept_id,Malignant tumor of pancreas ; 4180793,4180793,4180793,original_codes,original_codes,panc_can_broad
CPRD GOLD 100k,achilles_code_use,CodelistGenerator,2.2.2,by_concept,4200399,original_codes,overall,Person count,overall,count,integer,78,standard_concept_name ; standard_concept_id,Zollinger-Ellison syndrome ; 4200399,4200399,4200399,original_codes,original_codes,panc_can_broad
CPRD GOLD 100k,achilles_code_use,CodelistGenerator,2.2.2,by_concept,4245553,original_codes,overall,Person count,overall,count,integer,1449,standard_concept_name ; standard_concept_id,Carcinoma in situ of pancreas ; 4245553,4245553,4245553,original_codes,original_codes,panc_can_broad
CPRD GOLD 100k,achilles_code_use,CodelistGenerator,2.2.2,by_concept,4028719,original_codes,overall,Person count,overall,count,integer,10,standard_concept_name ; standard_concept_id,Glucagonoma ; 4028719,4028719,4028719,original_codes,original_codes,panc_can_broad
CPRD GOLD 100k,achilles_code_use,CodelistGenerator,2.2.2,by_concept,4037498,original_codes,overall,Person count,overall,count,integer,142,standard_concept_name ; standard_concept_id,Gastrinoma ; 4037498,4037498,4037498,original_codes,original_codes,panc_can_broad
CPRD GOLD 100k,achilles_code_use,CodelistGenerator,2.2.2,by_concept,4059440,original_codes,overall,Person count,overall,count,integer,11,standard_concept_name ; standard_concept_id,"Gastrinoma, malignant ; 4059440",4059440,4059440,original_codes,original_codes,panc_can_broad
