cohort_definition_id_x,cohort_definition_id_y,intersect_count,cdm_name
7,8,92,CPRD GOLD 100k
9,7,92,CPRD GOLD 100k
5,4,2,CPRD GOLD 100k
2,3,44,CPRD GOLD 100k
1,3,44,CPRD GOLD 100k
10,8,84,CPRD GOLD 100k
3,1,44,CPRD GOLD 100k
6,5,2,CPRD GOLD 100k
11,8,1,CPRD GOLD 100k
4,5,2,CPRD GOLD 100k
9,10,84,CPRD GOLD 100k
7,11,1,CPRD GOLD 100k
10,7,85,CPRD GOLD 100k
4,6,2,CPRD GOLD 100k
8,9,91,CPRD GOLD 100k
3,2,44,CPRD GOLD 100k
5,6,2,CPRD GOLD 100k
1,2,44,CPRD GOLD 100k
8,11,1,CPRD GOLD 100k
8,7,92,CPRD GOLD 100k
6,4,2,CPRD GOLD 100k
11,7,1,CPRD GOLD 100k
8,10,84,CPRD GOLD 100k
2,1,44,CPRD GOLD 100k
11,10,1,CPRD GOLD 100k
10,11,1,CPRD GOLD 100k
10,9,84,CPRD GOLD 100k
7,10,85,CPRD GOLD 100k
7,9,92,CPRD GOLD 100k
9,8,91,CPRD GOLD 100k
