cohort_definition_id,number_records,number_subjects,cohort_name,cdm_name
1,54,54,lupus_adult_broad,CPRD GOLD 100k
2,44,44,lupus_adult_narrow,CPRD GOLD 100k
3,44,44,lupus_adult_prevalent,CPRD GOLD 100k
4,2,2,lupus_juvenile_broad,CPRD GOLD 100k
5,2,2,lupus_juvenile_narrow,CPRD GOLD 100k
6,2,2,lupus_juvenile_prevalent,CPRD GOLD 100k
7,93,93,panc_can_broad,CPRD GOLD 100k
8,92,92,panc_can_endocrine,CPRD GOLD 100k
9,92,92,panc_can_exocrine,CPRD GOLD 100k
10,85,85,panc_can_narrow,CPRD GOLD 100k
11,1,1,panc_can_narrowendocrine,CPRD GOLD 100k
12,0,0,panc_can_narrowexocrine,CPRD GOLD 100k
