analysis_id,n_persons,person_days,n_events,incidence_start_date,incidence_end_date,person_years,incidence_100000_pys,incidence_100000_pys_95CI_lower,incidence_100000_pys_95CI_upper,cohort_obscured,result_obscured,outcome_cohort_id,outcome_cohort_name,analysis_outcome_washout,analysis_repeated_events,analysis_interval,analysis_complete_database_intervals,denominator_cohort_id,analysis_min_cell_count,denominator_cohort_name,denominator_age_group,denominator_sex,denominator_days_prior_observation,denominator_start_date,denominator_end_date,denominator_target_cohort_definition_id,denominator_target_cohort_name,cdm_name
1,24,2599,0,1988-03-07,1988-12-31,7.115674195756331,0,0,51841.6014088155,FALSE,FALSE,1,panc_can_broad,inf,FALSE,years,FALSE,1,0,denominator_cohort_1,0 to 17,Male,180,1987-09-09,2023-06-23,NA,NA,CPRD GOLD 100k
1,134,25827,0,1989-01-01,1989-12-31,70.71047227926078,0,0,5216.87854034582,FALSE,FALSE,1,panc_can_broad,inf,FALSE,years,FALSE,1,0,denominator_cohort_1,0 to 17,Male,180,1987-09-09,2023-06-23,NA,NA,CPRD GOLD 100k
1,421,97663,0,1990-01-01,1990-12-31,267.3867214236824,0,0,1379.604579641333,FALSE,FALSE,1,panc_can_broad,inf,FALSE,years,FALSE,1,0,denominator_cohort_1,0 to 17,Male,180,1987-09-09,2023-06-23,NA,NA,CPRD GOLD 100k
1,606,175888,0,1991-01-01,1991-12-31,481.55509924709105,0,0,766.0347611065649,FALSE,FALSE,1,panc_can_broad,inf,FALSE,years,FALSE,1,0,denominator_cohort_1,0 to 17,Male,180,1987-09-09,2023-06-23,NA,NA,CPRD GOLD 100k
1,732,229480,0,1992-01-01,1992-12-31,628.2819986310747,0,0,587.1375373083122,FALSE,FALSE,1,panc_can_broad,inf,FALSE,years,FALSE,1,0,denominator_cohort_1,0 to 17,Male,180,1987-09-09,2023-06-23,NA,NA,CPRD GOLD 100k
1,846,272033,0,1993-01-01,1993-12-31,744.7857631759069,0,0,495.2940344057945,FALSE,FALSE,1,panc_can_broad,inf,FALSE,years,FALSE,1,0,denominator_cohort_1,0 to 17,Male,180,1987-09-09,2023-06-23,NA,NA,CPRD GOLD 100k
1,908,300764,0,1994-01-01,1994-12-31,823.4469541409993,0,0,447.98021725177045,FALSE,FALSE,1,panc_can_broad,inf,FALSE,years,FALSE,1,0,denominator_cohort_1,0 to 17,Male,180,1987-09-09,2023-06-23,NA,NA,CPRD GOLD 100k
1,1016,332836,0,1995-01-01,1995-12-31,911.2553045859,0,0,404.8129471016101,FALSE,FALSE,1,panc_can_broad,inf,FALSE,years,FALSE,1,0,denominator_cohort_1,0 to 17,Male,180,1987-09-09,2023-06-23,NA,NA,CPRD GOLD 100k
1,1127,355828,0,1996-01-01,1996-12-31,974.2039698836413,0,0,378.65576082127177,FALSE,FALSE,1,panc_can_broad,inf,FALSE,years,FALSE,1,0,denominator_cohort_1,0 to 17,Male,180,1987-09-09,2023-06-23,NA,NA,CPRD GOLD 100k
1,1350,415638,0,1997-01-01,1997-12-31,1137.9548254620124,0,0,324.16747761636685,FALSE,FALSE,1,panc_can_broad,inf,FALSE,years,FALSE,1,0,denominator_cohort_1,0 to 17,Male,180,1987-09-09,2023-06-23,NA,NA,CPRD GOLD 100k
1,1554,490009,0,1998-01-01,1998-12-31,1341.5715263518139,0,0,274.967035424883,FALSE,FALSE,1,panc_can_broad,inf,FALSE,years,FALSE,1,0,denominator_cohort_1,0 to 17,Male,180,1987-09-09,2023-06-23,NA,NA,CPRD GOLD 100k
1,1832,579657,0,1999-01-01,1999-12-31,1587.0143737166325,0,0,232.44146462737706,FALSE,FALSE,1,panc_can_broad,inf,FALSE,years,FALSE,1,0,denominator_cohort_1,0 to 17,Male,180,1987-09-09,2023-06-23,NA,NA,CPRD GOLD 100k
1,2329,723465,0,2000-01-01,2000-12-31,1980.7392197125257,0,0,186.2375126115451,FALSE,FALSE,1,panc_can_broad,inf,FALSE,years,FALSE,1,0,denominator_cohort_1,0 to 17,Male,180,1987-09-09,2023-06-23,NA,NA,CPRD GOLD 100k
1,2640,841298,0,2001-01-01,2001-12-31,2303.3483915126626,0,0,160.15290903046423,FALSE,FALSE,1,panc_can_broad,inf,FALSE,years,FALSE,1,0,denominator_cohort_1,0 to 17,Male,180,1987-09-09,2023-06-23,NA,NA,CPRD GOLD 100k
1,3101,977026,0,2002-01-01,2002-12-31,2674.9514031485282,0,0,137.90454098612676,FALSE,FALSE,1,panc_can_broad,inf,FALSE,years,FALSE,1,0,denominator_cohort_1,0 to 17,Male,180,1987-09-09,2023-06-23,NA,NA,CPRD GOLD 100k
1,3548,1121947,0,2003-01-01,2003-12-31,3071.7234770704995,0,0,120.09152131206865,FALSE,FALSE,1,panc_can_broad,inf,FALSE,years,FALSE,1,0,denominator_cohort_1,0 to 17,Male,180,1987-09-09,2023-06-23,NA,NA,CPRD GOLD 100k
1,3939,1279433,0,2004-01-01,2004-12-31,3502.896646132786,0,0,105.3094003840072,FALSE,FALSE,1,panc_can_broad,inf,FALSE,years,FALSE,1,0,denominator_cohort_1,0 to 17,Male,180,1987-09-09,2023-06-23,NA,NA,CPRD GOLD 100k
1,4074,1366492,0,2005-01-01,2005-12-31,3741.2511978097195,0,0,98.60015430863224,FALSE,FALSE,1,panc_can_broad,inf,FALSE,years,FALSE,1,0,denominator_cohort_1,0 to 17,Male,180,1987-09-09,2023-06-23,NA,NA,CPRD GOLD 100k
1,4139,1384514,0,2006-01-01,2006-12-31,3790.5927446954142,0,0,97.31669167773781,FALSE,FALSE,1,panc_can_broad,inf,FALSE,years,FALSE,1,0,denominator_cohort_1,0 to 17,Male,180,1987-09-09,2023-06-23,NA,NA,CPRD GOLD 100k
1,4183,1394172,0,2007-01-01,2007-12-31,3817.034907597536,0,0,96.64253912825066,FALSE,FALSE,1,panc_can_broad,inf,FALSE,years,FALSE,1,0,denominator_cohort_1,0 to 17,Male,180,1987-09-09,2023-06-23,NA,NA,CPRD GOLD 100k
1,4191,1407835,0,2008-01-01,2008-12-31,3854.4421629021217,0,0,95.70462594090323,FALSE,FALSE,1,panc_can_broad,inf,FALSE,years,FALSE,1,0,denominator_cohort_1,0 to 17,Male,180,1987-09-09,2023-06-23,NA,NA,CPRD GOLD 100k
1,4197,1396220,0,2009-01-01,2009-12-31,3822.6420260095824,0,0,96.50078215575732,FALSE,FALSE,1,panc_can_broad,inf,FALSE,years,FALSE,1,0,denominator_cohort_1,0 to 17,Male,180,1987-09-09,2023-06-23,NA,NA,CPRD GOLD 100k
1,4165,1375202,0,2010-01-01,2010-12-31,3765.09787816564,0,0,97.97565889339275,FALSE,FALSE,1,panc_can_broad,inf,FALSE,years,FALSE,1,0,denominator_cohort_1,0 to 17,Male,180,1987-09-09,2023-06-23,NA,NA,CPRD GOLD 100k
1,4075,1353810,0,2011-01-01,2011-12-31,3706.5297741273102,0,0,99.52380471521963,FALSE,FALSE,1,panc_can_broad,inf,FALSE,years,FALSE,1,0,denominator_cohort_1,0 to 17,Male,180,1987-09-09,2023-06-23,NA,NA,CPRD GOLD 100k
1,4005,1344688,0,2012-01-01,2012-12-31,3681.555099247091,0,0,100.19894731083454,FALSE,FALSE,1,panc_can_broad,inf,FALSE,years,FALSE,1,0,denominator_cohort_1,0 to 17,Male,180,1987-09-09,2023-06-23,NA,NA,CPRD GOLD 100k
1,3954,1289592,0,2013-01-01,2013-12-31,3530.7104722792606,0,0,104.47980606386477,FALSE,FALSE,1,panc_can_broad,inf,FALSE,years,FALSE,1,0,denominator_cohort_1,0 to 17,Male,180,1987-09-09,2023-06-23,NA,NA,CPRD GOLD 100k
1,3759,1221270,0,2014-01-01,2014-12-31,3343.6550308008214,0,0,110.32476197852358,FALSE,FALSE,1,panc_can_broad,inf,FALSE,years,FALSE,1,0,denominator_cohort_1,0 to 17,Male,180,1987-09-09,2023-06-23,NA,NA,CPRD GOLD 100k
1,3484,1097671,0,2015-01-01,2015-12-31,3005.2594113620808,0,0,122.74745535001972,FALSE,FALSE,1,panc_can_broad,inf,FALSE,years,FALSE,1,0,denominator_cohort_1,0 to 17,Male,180,1987-09-09,2023-06-23,NA,NA,CPRD GOLD 100k
1,2923,950823,0,2016-01-01,2016-12-31,2603.211498973306,0,0,141.70494620082968,FALSE,FALSE,1,panc_can_broad,inf,FALSE,years,FALSE,1,0,denominator_cohort_1,0 to 17,Male,180,1987-09-09,2023-06-23,NA,NA,CPRD GOLD 100k
1,2673,874452,0,2017-01-01,2017-12-31,2394.11909650924,0,0,154.08086671596783,FALSE,FALSE,1,panc_can_broad,inf,FALSE,years,FALSE,1,0,denominator_cohort_1,0 to 17,Male,180,1987-09-09,2023-06-23,NA,NA,CPRD GOLD 100k
1,2485,819571,0,2018-01-01,2018-12-31,2243.8631074606433,0,0,164.39859641386957,FALSE,FALSE,1,panc_can_broad,inf,FALSE,years,FALSE,1,0,denominator_cohort_1,0 to 17,Male,180,1987-09-09,2023-06-23,NA,NA,CPRD GOLD 100k
1,2374,783973,0,2019-01-01,2019-12-31,2146.4010951403147,0,0,171.8634724174321,FALSE,FALSE,1,panc_can_broad,inf,FALSE,years,FALSE,1,0,denominator_cohort_1,0 to 17,Male,180,1987-09-09,2023-06-23,NA,NA,CPRD GOLD 100k
1,2184,716639,0,2020-01-01,2020-12-31,1962.050650239562,0,0,188.01142843399742,FALSE,FALSE,1,panc_can_broad,inf,FALSE,years,FALSE,1,0,denominator_cohort_1,0 to 17,Male,180,1987-09-09,2023-06-23,NA,NA,CPRD GOLD 100k
1,1948,624719,0,2021-01-01,2021-12-31,1710.3874058863792,0,0,215.67508281565233,FALSE,FALSE,1,panc_can_broad,inf,FALSE,years,FALSE,1,0,denominator_cohort_1,0 to 17,Male,180,1987-09-09,2023-06-23,NA,NA,CPRD GOLD 100k
1,1764,580726,0,2022-01-01,2022-12-31,1589.9411362080766,0,0,232.01358654772042,FALSE,FALSE,1,panc_can_broad,inf,FALSE,years,FALSE,1,0,denominator_cohort_1,0 to 17,Male,180,1987-09-09,2023-06-23,NA,NA,CPRD GOLD 100k
1,1567,241609,0,2023-01-01,2023-06-23,661.4893908281998,0,0,557.6626783833032,FALSE,FALSE,1,panc_can_broad,inf,FALSE,years,FALSE,1,0,denominator_cohort_1,0 to 17,Male,180,1987-09-09,2023-06-23,NA,NA,CPRD GOLD 100k
2,16,1814,0,1988-03-07,1988-12-31,4.9664613278576315,0,0,74275.81150028197,FALSE,FALSE,1,panc_can_broad,inf,FALSE,years,FALSE,2,0,denominator_cohort_2,0 to 17,Female,180,1987-09-09,2023-06-23,NA,NA,CPRD GOLD 100k
2,114,20749,0,1989-01-01,1989-12-31,56.80766598220397,0,0,6493.629671864258,FALSE,FALSE,1,panc_can_broad,inf,FALSE,years,FALSE,2,0,denominator_cohort_2,0 to 17,Female,180,1987-09-09,2023-06-23,NA,NA,CPRD GOLD 100k
2,405,90557,0,1990-01-01,1990-12-31,247.9315537303217,0,0,1487.8620323278321,FALSE,FALSE,1,panc_can_broad,inf,FALSE,years,FALSE,2,0,denominator_cohort_2,0 to 17,Female,180,1987-09-09,2023-06-23,NA,NA,CPRD GOLD 100k
2,567,169624,0,1991-01-01,1991-12-31,464.40520191649557,0,0,794.3234569489664,FALSE,FALSE,1,panc_can_broad,inf,FALSE,years,FALSE,2,0,denominator_cohort_2,0 to 17,Female,180,1987-09-09,2023-06-23,NA,NA,CPRD GOLD 100k
2,644,206871,0,1992-01-01,1992-12-31,566.3819301848049,0,0,651.3059929207647,FALSE,FALSE,1,panc_can_broad,inf,FALSE,years,FALSE,2,0,denominator_cohort_2,0 to 17,Female,180,1987-09-09,2023-06-23,NA,NA,CPRD GOLD 100k
2,803,252553,0,1993-01-01,1993-12-31,691.4524298425736,0,0,533.4972146896354,FALSE,FALSE,1,panc_can_broad,inf,FALSE,years,FALSE,2,0,denominator_cohort_2,0 to 17,Female,180,1987-09-09,2023-06-23,NA,NA,CPRD GOLD 100k
2,862,287670,0,1994-01-01,1994-12-31,787.5975359342916,0,0,468.3711268519884,FALSE,FALSE,1,panc_can_broad,inf,FALSE,years,FALSE,2,0,denominator_cohort_2,0 to 17,Female,180,1987-09-09,2023-06-23,NA,NA,CPRD GOLD 100k
2,946,313827,0,1995-01-01,1995-12-31,859.211498973306,0,0,429.3331104765093,FALSE,FALSE,1,panc_can_broad,inf,FALSE,years,FALSE,2,0,denominator_cohort_2,0 to 17,Female,180,1987-09-09,2023-06-23,NA,NA,CPRD GOLD 100k
2,1109,344792,0,1996-01-01,1996-12-31,943.9890485968515,0,0,390.7756620267044,FALSE,FALSE,1,panc_can_broad,inf,FALSE,years,FALSE,2,0,denominator_cohort_2,0 to 17,Female,180,1987-09-09,2023-06-23,NA,NA,CPRD GOLD 100k
2,1305,413650,0,1997-01-01,1997-12-31,1132.5119780971936,0,0,325.7254250248072,FALSE,FALSE,1,panc_can_broad,inf,FALSE,years,FALSE,2,0,denominator_cohort_2,0 to 17,Female,180,1987-09-09,2023-06-23,NA,NA,CPRD GOLD 100k
2,1483,476856,0,1998-01-01,1998-12-31,1305.5605749486654,0,0,282.5513825169684,FALSE,FALSE,1,panc_can_broad,inf,FALSE,years,FALSE,2,0,denominator_cohort_2,0 to 17,Female,180,1987-09-09,2023-06-23,NA,NA,CPRD GOLD 100k
2,1801,568691,0,1999-01-01,1999-12-31,1556.991101984942,0,0,236.92360537007178,FALSE,FALSE,1,panc_can_broad,inf,FALSE,years,FALSE,2,0,denominator_cohort_2,0 to 17,Female,180,1987-09-09,2023-06-23,NA,NA,CPRD GOLD 100k
2,2288,711322,0,2000-01-01,2000-12-31,1947.4934976043805,0,0,189.41677898548264,FALSE,FALSE,1,panc_can_broad,inf,FALSE,years,FALSE,2,0,denominator_cohort_2,0 to 17,Female,180,1987-09-09,2023-06-23,NA,NA,CPRD GOLD 100k
2,2592,837142,0,2001-01-01,2001-12-31,2291.9698836413418,0,0,160.94798978131723,FALSE,FALSE,1,panc_can_broad,inf,FALSE,years,FALSE,2,0,denominator_cohort_2,0 to 17,Female,180,1987-09-09,2023-06-23,NA,NA,CPRD GOLD 100k
2,3017,949466,0,2002-01-01,2002-12-31,2599.4962354551676,0,0,141.9074743713956,FALSE,FALSE,1,panc_can_broad,inf,FALSE,years,FALSE,2,0,denominator_cohort_2,0 to 17,Female,180,1987-09-09,2023-06-23,NA,NA,CPRD GOLD 100k
2,3415,1085015,0,2003-01-01,2003-12-31,2970.609171800137,0,0,124.17922522869405,FALSE,FALSE,1,panc_can_broad,inf,FALSE,years,FALSE,2,0,denominator_cohort_2,0 to 17,Female,180,1987-09-09,2023-06-23,NA,NA,CPRD GOLD 100k
2,3763,1228262,0,2004-01-01,2004-12-31,3362.798083504449,0,0,109.69672762123348,FALSE,FALSE,1,panc_can_broad,inf,FALSE,years,FALSE,2,0,denominator_cohort_2,0 to 17,Female,180,1987-09-09,2023-06-23,NA,NA,CPRD GOLD 100k
2,3885,1303217,0,2005-01-01,2005-12-31,3568.013689253936,0,0,103.38748041309428,FALSE,FALSE,1,panc_can_broad,inf,FALSE,years,FALSE,2,0,denominator_cohort_2,0 to 17,Female,180,1987-09-09,2023-06-23,NA,NA,CPRD GOLD 100k
2,3934,1317730,0,2006-01-01,2006-12-31,3607.748117727584,0,0,102.2488082243794,FALSE,FALSE,1,panc_can_broad,inf,FALSE,years,FALSE,2,0,denominator_cohort_2,0 to 17,Female,180,1987-09-09,2023-06-23,NA,NA,CPRD GOLD 100k
2,3957,1316063,0,2007-01-01,2007-12-31,3603.1841204654347,0,0,102.3783223610963,FALSE,FALSE,1,panc_can_broad,inf,FALSE,years,FALSE,2,0,denominator_cohort_2,0 to 17,Female,180,1987-09-09,2023-06-23,NA,NA,CPRD GOLD 100k
2,3940,1325162,0,2008-01-01,2008-12-31,3628.0958247775498,0,0,101.675358983665,FALSE,FALSE,1,panc_can_broad,inf,FALSE,years,FALSE,2,0,denominator_cohort_2,0 to 17,Female,180,1987-09-09,2023-06-23,NA,NA,CPRD GOLD 100k
2,3943,1317844,0,2009-01-01,2009-12-31,3608.060232717317,0,0,102.23996319861189,FALSE,FALSE,1,panc_can_broad,inf,FALSE,years,FALSE,2,0,denominator_cohort_2,0 to 17,Female,180,1987-09-09,2023-06-23,NA,NA,CPRD GOLD 100k
2,3926,1290140,0,2010-01-01,2010-12-31,3532.210814510609,0,0,104.43542721062171,FALSE,FALSE,1,panc_can_broad,inf,FALSE,years,FALSE,2,0,denominator_cohort_2,0 to 17,Female,180,1987-09-09,2023-06-23,NA,NA,CPRD GOLD 100k
2,3872,1282010,0,2011-01-01,2011-12-31,3509.952087611225,0,0,105.09771535441338,FALSE,FALSE,1,panc_can_broad,inf,FALSE,years,FALSE,2,0,denominator_cohort_2,0 to 17,Female,180,1987-09-09,2023-06-23,NA,NA,CPRD GOLD 100k
2,3850,1283035,0,2012-01-01,2012-12-31,3512.7583846680354,0,0,105.01375415441629,FALSE,FALSE,1,panc_can_broad,inf,FALSE,years,FALSE,2,0,denominator_cohort_2,0 to 17,Female,180,1987-09-09,2023-06-23,NA,NA,CPRD GOLD 100k
2,3769,1230844,0,2013-01-01,2013-12-31,3369.867214236824,0,0,109.46661157832469,FALSE,FALSE,1,panc_can_broad,inf,FALSE,years,FALSE,2,0,denominator_cohort_2,0 to 17,Female,180,1987-09-09,2023-06-23,NA,NA,CPRD GOLD 100k
2,3543,1134740,0,2014-01-01,2014-12-31,3106.7488021902805,0,0,118.7376157194701,FALSE,FALSE,1,panc_can_broad,inf,FALSE,years,FALSE,2,0,denominator_cohort_2,0 to 17,Female,180,1987-09-09,2023-06-23,NA,NA,CPRD GOLD 100k
2,3240,1030429,0,2015-01-01,2015-12-31,2821.160848733744,0,0,130.75750203217444,FALSE,FALSE,1,panc_can_broad,inf,FALSE,years,FALSE,2,0,denominator_cohort_2,0 to 17,Female,180,1987-09-09,2023-06-23,NA,NA,CPRD GOLD 100k
2,2762,899467,0,2016-01-01,2016-12-31,2462.6064339493496,0,0,149.79573687696325,FALSE,FALSE,1,panc_can_broad,inf,FALSE,years,FALSE,2,0,denominator_cohort_2,0 to 17,Female,180,1987-09-09,2023-06-23,NA,NA,CPRD GOLD 100k
2,2541,826429,0,2017-01-01,2017-12-31,2262.6392881587954,0,0,163.0343587428702,FALSE,FALSE,1,panc_can_broad,inf,FALSE,years,FALSE,2,0,denominator_cohort_2,0 to 17,Female,180,1987-09-09,2023-06-23,NA,NA,CPRD GOLD 100k
2,2362,780651,0,2018-01-01,2018-12-31,2137.305954825462,0,0,172.59482414230112,FALSE,FALSE,1,panc_can_broad,inf,FALSE,years,FALSE,2,0,denominator_cohort_2,0 to 17,Female,180,1987-09-09,2023-06-23,NA,NA,CPRD GOLD 100k
2,2248,747152,0,2019-01-01,2019-12-31,2045.5906913073238,0,0,180.33321474279865,FALSE,FALSE,1,panc_can_broad,inf,FALSE,years,FALSE,2,0,denominator_cohort_2,0 to 17,Female,180,1987-09-09,2023-06-23,NA,NA,CPRD GOLD 100k
2,2044,675393,0,2020-01-01,2020-12-31,1849.1252566735113,0,0,199.49321663314765,FALSE,FALSE,1,panc_can_broad,inf,FALSE,years,FALSE,2,0,denominator_cohort_2,0 to 17,Female,180,1987-09-09,2023-06-23,NA,NA,CPRD GOLD 100k
2,1803,586745,0,2021-01-01,2021-12-31,1606.4202600958247,0,0,229.6335240377191,FALSE,FALSE,1,panc_can_broad,inf,FALSE,years,FALSE,2,0,denominator_cohort_2,0 to 17,Female,180,1987-09-09,2023-06-23,NA,NA,CPRD GOLD 100k
2,1630,542359,0,2022-01-01,2022-12-31,1484.8980150581792,0,0,248.42645196541682,FALSE,FALSE,1,panc_can_broad,inf,FALSE,years,FALSE,2,0,denominator_cohort_2,0 to 17,Female,180,1987-09-09,2023-06-23,NA,NA,CPRD GOLD 100k
2,1491,228643,0,2023-01-01,2023-06-23,625.990417522245,0,0,589.2868885621317,FALSE,FALSE,1,panc_can_broad,inf,FALSE,years,FALSE,2,0,denominator_cohort_2,0 to 17,Female,180,1987-09-09,2023-06-23,NA,NA,CPRD GOLD 100k
3,40,4413,0,1988-03-07,1988-12-31,12.082135523613964,0,0,30531.684129053134,FALSE,FALSE,1,panc_can_broad,inf,FALSE,years,FALSE,3,0,denominator_cohort_3,0 to 17,Both,180,1987-09-09,2023-06-23,NA,NA,CPRD GOLD 100k
3,248,46576,0,1989-01-01,1989-12-31,127.51813826146476,0,0,2892.82725140655,FALSE,FALSE,1,panc_can_broad,inf,FALSE,years,FALSE,3,0,denominator_cohort_3,0 to 17,Both,180,1987-09-09,2023-06-23,NA,NA,CPRD GOLD 100k
3,826,188220,0,1990-01-01,1990-12-31,515.3182751540041,0,0,715.8448733477392,FALSE,FALSE,1,panc_can_broad,inf,FALSE,years,FALSE,3,0,denominator_cohort_3,0 to 17,Both,180,1987-09-09,2023-06-23,NA,NA,CPRD GOLD 100k
3,1173,345512,0,1991-01-01,1991-12-31,945.9603011635866,0,0,389.96133871330517,FALSE,FALSE,1,panc_can_broad,inf,FALSE,years,FALSE,3,0,denominator_cohort_3,0 to 17,Both,180,1987-09-09,2023-06-23,NA,NA,CPRD GOLD 100k
3,1376,436351,0,1992-01-01,1992-12-31,1194.6639288158794,0,0,308.7796798025248,FALSE,FALSE,1,panc_can_broad,inf,FALSE,years,FALSE,3,0,denominator_cohort_3,0 to 17,Both,180,1987-09-09,2023-06-23,NA,NA,CPRD GOLD 100k
3,1649,524586,0,1993-01-01,1993-12-31,1436.2381930184804,0,0,256.84315262228023,FALSE,FALSE,1,panc_can_broad,inf,FALSE,years,FALSE,3,0,denominator_cohort_3,0 to 17,Both,180,1987-09-09,2023-06-23,NA,NA,CPRD GOLD 100k
3,1770,588434,0,1994-01-01,1994-12-31,1611.044490075291,0,0,228.97439995226563,FALSE,FALSE,1,panc_can_broad,inf,FALSE,years,FALSE,3,0,denominator_cohort_3,0 to 17,Both,180,1987-09-09,2023-06-23,NA,NA,CPRD GOLD 100k
3,1962,646663,0,1995-01-01,1995-12-31,1770.466803559206,0,0,208.35631861032948,FALSE,FALSE,1,panc_can_broad,inf,FALSE,years,FALSE,3,0,denominator_cohort_3,0 to 17,Both,180,1987-09-09,2023-06-23,NA,NA,CPRD GOLD 100k
3,2236,700620,0,1996-01-01,1996-12-31,1918.1930184804928,0,0,192.31012825998616,FALSE,FALSE,1,panc_can_broad,inf,FALSE,years,FALSE,3,0,denominator_cohort_3,0 to 17,Both,180,1987-09-09,2023-06-23,NA,NA,CPRD GOLD 100k
3,2655,829288,0,1997-01-01,1997-12-31,2270.466803559206,0,0,162.472291967943,FALSE,FALSE,1,panc_can_broad,inf,FALSE,years,FALSE,3,0,denominator_cohort_3,0 to 17,Both,180,1987-09-09,2023-06-23,NA,NA,CPRD GOLD 100k
3,3037,966865,0,1998-01-01,1998-12-31,2647.132101300479,0,0,139.35381057491117,FALSE,FALSE,1,panc_can_broad,inf,FALSE,years,FALSE,3,0,denominator_cohort_3,0 to 17,Both,180,1987-09-09,2023-06-23,NA,NA,CPRD GOLD 100k
3,3633,1148348,0,1999-01-01,1999-12-31,3144.005475701574,0,0,117.3305670942184,FALSE,FALSE,1,panc_can_broad,inf,FALSE,years,FALSE,3,0,denominator_cohort_3,0 to 17,Both,180,1987-09-09,2023-06-23,NA,NA,CPRD GOLD 100k
3,4617,1434787,0,2000-01-01,2000-12-31,3928.232717316906,0,0,93.90684614616072,FALSE,FALSE,1,panc_can_broad,inf,FALSE,years,FALSE,3,0,denominator_cohort_3,0 to 17,Both,180,1987-09-09,2023-06-23,NA,NA,CPRD GOLD 100k
3,5232,1678440,0,2001-01-01,2001-12-31,4595.318275154004,0,0,80.27473252634081,FALSE,FALSE,1,panc_can_broad,inf,FALSE,years,FALSE,3,0,denominator_cohort_3,0 to 17,Both,180,1987-09-09,2023-06-23,NA,NA,CPRD GOLD 100k
3,6118,1926492,0,2002-01-01,2002-12-31,5274.447638603696,0,0,69.9386875530817,FALSE,FALSE,1,panc_can_broad,inf,FALSE,years,FALSE,3,0,denominator_cohort_3,0 to 17,Both,180,1987-09-09,2023-06-23,NA,NA,CPRD GOLD 100k
3,6963,2206962,0,2003-01-01,2003-12-31,6042.332648870636,0,0,61.05058540269905,FALSE,FALSE,1,panc_can_broad,inf,FALSE,years,FALSE,3,0,denominator_cohort_3,0 to 17,Both,180,1987-09-09,2023-06-23,NA,NA,CPRD GOLD 100k
3,7702,2507695,0,2004-01-01,2004-12-31,6865.694729637235,0,0,53.72915049936754,FALSE,FALSE,1,panc_can_broad,inf,FALSE,years,FALSE,3,0,denominator_cohort_3,0 to 17,Both,180,1987-09-09,2023-06-23,NA,NA,CPRD GOLD 100k
3,7959,2669709,0,2005-01-01,2005-12-31,7309.264887063655,0,0,50.46854247467102,FALSE,FALSE,1,panc_can_broad,inf,FALSE,years,FALSE,3,0,denominator_cohort_3,0 to 17,Both,180,1987-09-09,2023-06-23,NA,NA,CPRD GOLD 100k
3,8073,2702244,0,2006-01-01,2006-12-31,7398.340862422998,0,0,49.86090155497116,FALSE,FALSE,1,panc_can_broad,inf,FALSE,years,FALSE,3,0,denominator_cohort_3,0 to 17,Both,180,1987-09-09,2023-06-23,NA,NA,CPRD GOLD 100k
3,8140,2710235,0,2007-01-01,2007-12-31,7420.21902806297,0,0,49.713889039700064,FALSE,FALSE,1,panc_can_broad,inf,FALSE,years,FALSE,3,0,denominator_cohort_3,0 to 17,Both,180,1987-09-09,2023-06-23,NA,NA,CPRD GOLD 100k
3,8131,2732997,0,2008-01-01,2008-12-31,7482.5379876796715,0,0,49.299842649483885,FALSE,FALSE,1,panc_can_broad,inf,FALSE,years,FALSE,3,0,denominator_cohort_3,0 to 17,Both,180,1987-09-09,2023-06-23,NA,NA,CPRD GOLD 100k
3,8140,2714064,0,2009-01-01,2009-12-31,7430.702258726899,0,0,49.64375271235737,FALSE,FALSE,1,panc_can_broad,inf,FALSE,years,FALSE,3,0,denominator_cohort_3,0 to 17,Both,180,1987-09-09,2023-06-23,NA,NA,CPRD GOLD 100k
3,8091,2665342,0,2010-01-01,2010-12-31,7297.308692676249,0,0,50.55123209761129,FALSE,FALSE,1,panc_can_broad,inf,FALSE,years,FALSE,3,0,denominator_cohort_3,0 to 17,Both,180,1987-09-09,2023-06-23,NA,NA,CPRD GOLD 100k
3,7947,2635820,0,2011-01-01,2011-12-31,7216.481861738535,0,0,51.11742154680953,FALSE,FALSE,1,panc_can_broad,inf,FALSE,years,FALSE,3,0,denominator_cohort_3,0 to 17,Both,180,1987-09-09,2023-06-23,NA,NA,CPRD GOLD 100k
3,7855,2627723,0,2012-01-01,2012-12-31,7194.313483915126,0,0,51.27493349242348,FALSE,FALSE,1,panc_can_broad,inf,FALSE,years,FALSE,3,0,denominator_cohort_3,0 to 17,Both,180,1987-09-09,2023-06-23,NA,NA,CPRD GOLD 100k
3,7723,2520436,0,2013-01-01,2013-12-31,6900.577686516085,0,0,53.45754546495586,FALSE,FALSE,1,panc_can_broad,inf,FALSE,years,FALSE,3,0,denominator_cohort_3,0 to 17,Both,180,1987-09-09,2023-06-23,NA,NA,CPRD GOLD 100k
3,7302,2356010,0,2014-01-01,2014-12-31,6450.403832991102,0,0,57.18834897199566,FALSE,FALSE,1,panc_can_broad,inf,FALSE,years,FALSE,3,0,denominator_cohort_3,0 to 17,Both,180,1987-09-09,2023-06-23,NA,NA,CPRD GOLD 100k
3,6724,2128100,0,2015-01-01,2015-12-31,5826.420260095825,0,0,63.3129655850343,FALSE,FALSE,1,panc_can_broad,inf,FALSE,years,FALSE,3,0,denominator_cohort_3,0 to 17,Both,180,1987-09-09,2023-06-23,NA,NA,CPRD GOLD 100k
3,5685,1850290,0,2016-01-01,2016-12-31,5065.817932922656,0,0,72.8190294826819,FALSE,FALSE,1,panc_can_broad,inf,FALSE,years,FALSE,3,0,denominator_cohort_3,0 to 17,Both,180,1987-09-09,2023-06-23,NA,NA,CPRD GOLD 100k
3,5214,1700881,0,2017-01-01,2017-12-31,4656.758384668035,0,0,79.21560771242167,FALSE,FALSE,1,panc_can_broad,inf,FALSE,years,FALSE,3,0,denominator_cohort_3,0 to 17,Both,180,1987-09-09,2023-06-23,NA,NA,CPRD GOLD 100k
3,4847,1600222,0,2018-01-01,2018-12-31,4381.169062286105,0,0,84.19851874396896,FALSE,FALSE,1,panc_can_broad,inf,FALSE,years,FALSE,3,0,denominator_cohort_3,0 to 17,Both,180,1987-09-09,2023-06-23,NA,NA,CPRD GOLD 100k
3,4622,1531125,0,2019-01-01,2019-12-31,4191.991786447638,0,0,87.99825099943602,FALSE,FALSE,1,panc_can_broad,inf,FALSE,years,FALSE,3,0,denominator_cohort_3,0 to 17,Both,180,1987-09-09,2023-06-23,NA,NA,CPRD GOLD 100k
3,4228,1392032,0,2020-01-01,2020-12-31,3811.175906913073,0,0,96.7911097313219,FALSE,FALSE,1,panc_can_broad,inf,FALSE,years,FALSE,3,0,denominator_cohort_3,0 to 17,Both,180,1987-09-09,2023-06-23,NA,NA,CPRD GOLD 100k
3,3751,1211464,0,2021-01-01,2021-12-31,3316.807665982204,0,0,111.21776797454277,FALSE,FALSE,1,panc_can_broad,inf,FALSE,years,FALSE,3,0,denominator_cohort_3,0 to 17,Both,180,1987-09-09,2023-06-23,NA,NA,CPRD GOLD 100k
3,3394,1123085,0,2022-01-01,2022-12-31,3074.839151266256,0,0,119.96983492924532,FALSE,FALSE,1,panc_can_broad,inf,FALSE,years,FALSE,3,0,denominator_cohort_3,0 to 17,Both,180,1987-09-09,2023-06-23,NA,NA,CPRD GOLD 100k
3,3058,470252,0,2023-01-01,2023-06-23,1287.479808350445,0,0,286.51940249379373,FALSE,FALSE,1,panc_can_broad,inf,FALSE,years,FALSE,3,0,denominator_cohort_3,0 to 17,Both,180,1987-09-09,2023-06-23,NA,NA,CPRD GOLD 100k
4,52,5637,0,1988-03-07,1988-12-31,15.433264887063656,0,0,23902.132705607855,FALSE,FALSE,1,panc_can_broad,inf,FALSE,years,FALSE,4,0,denominator_cohort_4,18 to 64,Male,180,1987-09-09,2023-06-23,NA,NA,CPRD GOLD 100k
4,350,66354,0,1989-01-01,1989-12-31,181.66735112936345,0,0,2030.5681957607906,FALSE,FALSE,1,panc_can_broad,inf,FALSE,years,FALSE,4,0,denominator_cohort_4,18 to 64,Male,180,1987-09-09,2023-06-23,NA,NA,CPRD GOLD 100k
4,1296,284811,0,1990-01-01,1990-12-31,779.7700205338809,0,0,473.0727467039949,FALSE,FALSE,1,panc_can_broad,inf,FALSE,years,FALSE,4,0,denominator_cohort_4,18 to 64,Male,180,1987-09-09,2023-06-23,NA,NA,CPRD GOLD 100k
4,1783,544586,0,1991-01-01,1991-12-31,1490.9952087611225,0,0,247.41055051270413,FALSE,FALSE,1,panc_can_broad,inf,FALSE,years,FALSE,4,0,denominator_cohort_4,18 to 64,Male,180,1987-09-09,2023-06-23,NA,NA,CPRD GOLD 100k
4,2011,657264,0,1992-01-01,1992-12-31,1799.4907597535935,0,0,204.99574305227654,FALSE,FALSE,1,panc_can_broad,inf,FALSE,years,FALSE,4,0,denominator_cohort_4,18 to 64,Male,180,1987-09-09,2023-06-23,NA,NA,CPRD GOLD 100k
4,2357,774207,0,1993-01-01,1993-12-31,2119.6632443531826,0,0,174.03139220067953,FALSE,FALSE,1,panc_can_broad,inf,FALSE,years,FALSE,4,0,denominator_cohort_4,18 to 64,Male,180,1987-09-09,2023-06-23,NA,NA,CPRD GOLD 100k
4,2532,853465,0,1994-01-01,1994-12-31,2336.6598220396986,0,0,157.86976860388123,FALSE,FALSE,1,panc_can_broad,inf,FALSE,years,FALSE,4,0,denominator_cohort_4,18 to 64,Male,180,1987-09-09,2023-06-23,NA,NA,CPRD GOLD 100k
4,2741,915806,0,1995-01-01,1995-12-31,2507.3401779603014,0,0,147.1232139356059,FALSE,FALSE,1,panc_can_broad,inf,FALSE,years,FALSE,4,0,denominator_cohort_4,18 to 64,Male,180,1987-09-09,2023-06-23,NA,NA,CPRD GOLD 100k
4,3176,1006561,0,1996-01-01,1996-12-31,2755.813826146475,0,0,133.858079203855,FALSE,FALSE,1,panc_can_broad,inf,FALSE,years,FALSE,4,0,denominator_cohort_4,18 to 64,Male,180,1987-09-09,2023-06-23,NA,NA,CPRD GOLD 100k
4,3847,1223925,0,1997-01-01,1997-12-31,3350.924024640657,0,0,110.08543992606695,FALSE,FALSE,1,panc_can_broad,inf,FALSE,years,FALSE,4,0,denominator_cohort_4,18 to 64,Male,180,1987-09-09,2023-06-23,NA,NA,CPRD GOLD 100k
4,4378,1438960,0,1998-01-01,1998-12-31,3939.6577686516084,0,0,93.63451524817333,FALSE,FALSE,1,panc_can_broad,inf,FALSE,years,FALSE,4,0,denominator_cohort_4,18 to 64,Male,180,1987-09-09,2023-06-23,NA,NA,CPRD GOLD 100k
4,5371,1716108,NA,1999-01-01,1999-12-31,4698.447638603696,NA,NA,NA,FALSE,TRUE,1,panc_can_broad,inf,FALSE,years,FALSE,4,0,denominator_cohort_4,18 to 64,Male,180,1987-09-09,2023-06-23,NA,NA,CPRD GOLD 100k
4,6970,2201351,0,2000-01-01,2000-12-31,6026.970568104039,0,0,61.2061965863288,FALSE,FALSE,1,panc_can_broad,inf,FALSE,years,FALSE,4,0,denominator_cohort_4,18 to 64,Male,180,1987-09-09,2023-06-23,NA,NA,CPRD GOLD 100k
4,8028,2620865,0,2001-01-01,2001-12-31,7175.537303216975,0,0,51.40910426958714,FALSE,FALSE,1,panc_can_broad,inf,FALSE,years,FALSE,4,0,denominator_cohort_4,18 to 64,Male,180,1987-09-09,2023-06-23,NA,NA,CPRD GOLD 100k
4,9422,3016611,0,2002-01-01,2002-12-31,8259.030800821356,0,0,44.664798365288554,FALSE,FALSE,1,panc_can_broad,inf,FALSE,years,FALSE,4,0,denominator_cohort_4,18 to 64,Male,180,1987-09-09,2023-06-23,NA,NA,CPRD GOLD 100k
4,10861,3523447,0,2003-01-01,2003-12-31,9646.672142368241,0,0,38.23991734841236,FALSE,FALSE,1,panc_can_broad,inf,FALSE,years,FALSE,4,0,denominator_cohort_4,18 to 64,Male,180,1987-09-09,2023-06-23,NA,NA,CPRD GOLD 100k
4,12278,4043637,0,2004-01-01,2004-12-31,11070.874743326489,0,0,33.32057799983319,FALSE,FALSE,1,panc_can_broad,inf,FALSE,years,FALSE,4,0,denominator_cohort_4,18 to 64,Male,180,1987-09-09,2023-06-23,NA,NA,CPRD GOLD 100k
4,12710,4333703,NA,2005-01-01,2005-12-31,11865.032169746748,NA,NA,NA,FALSE,TRUE,1,panc_can_broad,inf,FALSE,years,FALSE,4,0,denominator_cohort_4,18 to 64,Male,180,1987-09-09,2023-06-23,NA,NA,CPRD GOLD 100k
4,13005,4397478,NA,2006-01-01,2006-12-31,12039.6386036961,NA,NA,NA,FALSE,TRUE,1,panc_can_broad,inf,FALSE,years,FALSE,4,0,denominator_cohort_4,18 to 64,Male,180,1987-09-09,2023-06-23,NA,NA,CPRD GOLD 100k
4,13152,4474554,0,2007-01-01,2007-12-31,12250.661190965093,0,0,30.111676395348336,FALSE,FALSE,1,panc_can_broad,inf,FALSE,years,FALSE,4,0,denominator_cohort_4,18 to 64,Male,180,1987-09-09,2023-06-23,NA,NA,CPRD GOLD 100k
4,13180,4514595,NA,2008-01-01,2008-12-31,12360.287474332648,NA,NA,NA,FALSE,TRUE,1,panc_can_broad,inf,FALSE,years,FALSE,4,0,denominator_cohort_4,18 to 64,Male,180,1987-09-09,2023-06-23,NA,NA,CPRD GOLD 100k
4,13277,4521420,0,2009-01-01,2009-12-31,12378.973305954825,0,0,29.79955900170997,FALSE,FALSE,1,panc_can_broad,inf,FALSE,years,FALSE,4,0,denominator_cohort_4,18 to 64,Male,180,1987-09-09,2023-06-23,NA,NA,CPRD GOLD 100k
4,13269,4499363,NA,2010-01-01,2010-12-31,12318.584531143053,NA,NA,NA,FALSE,TRUE,1,panc_can_broad,inf,FALSE,years,FALSE,4,0,denominator_cohort_4,18 to 64,Male,180,1987-09-09,2023-06-23,NA,NA,CPRD GOLD 100k
4,13024,4422609,NA,2011-01-01,2011-12-31,12108.443531827515,NA,NA,NA,FALSE,TRUE,1,panc_can_broad,inf,FALSE,years,FALSE,4,0,denominator_cohort_4,18 to 64,Male,180,1987-09-09,2023-06-23,NA,NA,CPRD GOLD 100k
4,12703,4341707,NA,2012-01-01,2012-12-31,11886.945927446954,NA,NA,NA,FALSE,TRUE,1,panc_can_broad,inf,FALSE,years,FALSE,4,0,denominator_cohort_4,18 to 64,Male,180,1987-09-09,2023-06-23,NA,NA,CPRD GOLD 100k
4,12390,4127249,0,2013-01-01,2013-12-31,11299.791923340177,0,0,32.6455520521082,FALSE,FALSE,1,panc_can_broad,inf,FALSE,years,FALSE,4,0,denominator_cohort_4,18 to 64,Male,180,1987-09-09,2023-06-23,NA,NA,CPRD GOLD 100k
4,11681,3828748,0,2014-01-01,2014-12-31,10482.540725530458,0,0,35.19069995244176,FALSE,FALSE,1,panc_can_broad,inf,FALSE,years,FALSE,4,0,denominator_cohort_4,18 to 64,Male,180,1987-09-09,2023-06-23,NA,NA,CPRD GOLD 100k
4,10538,3434978,NA,2015-01-01,2015-12-31,9404.457221081451,NA,NA,NA,FALSE,TRUE,1,panc_can_broad,inf,FALSE,years,FALSE,4,0,denominator_cohort_4,18 to 64,Male,180,1987-09-09,2023-06-23,NA,NA,CPRD GOLD 100k
4,9065,2984854,0,2016-01-01,2016-12-31,8172.0848733744015,0,0,45.140004188315906,FALSE,FALSE,1,panc_can_broad,inf,FALSE,years,FALSE,4,0,denominator_cohort_4,18 to 64,Male,180,1987-09-09,2023-06-23,NA,NA,CPRD GOLD 100k
4,8227,2739433,NA,2017-01-01,2017-12-31,7500.158795345654,NA,NA,NA,FALSE,TRUE,1,panc_can_broad,inf,FALSE,years,FALSE,4,0,denominator_cohort_4,18 to 64,Male,180,1987-09-09,2023-06-23,NA,NA,CPRD GOLD 100k
4,7609,2574152,0,2018-01-01,2018-12-31,7047.644079397673,0,0,52.34202256180346,FALSE,FALSE,1,panc_can_broad,inf,FALSE,years,FALSE,4,0,denominator_cohort_4,18 to 64,Male,180,1987-09-09,2023-06-23,NA,NA,CPRD GOLD 100k
4,7308,2457849,0,2019-01-01,2019-12-31,6729.223819301848,0,0,54.81879564672666,FALSE,FALSE,1,panc_can_broad,inf,FALSE,years,FALSE,4,0,denominator_cohort_4,18 to 64,Male,180,1987-09-09,2023-06-23,NA,NA,CPRD GOLD 100k
4,6874,2299094,0,2020-01-01,2020-12-31,6294.576317590691,0,0,58.60409450918992,FALSE,FALSE,1,panc_can_broad,inf,FALSE,years,FALSE,4,0,denominator_cohort_4,18 to 64,Male,180,1987-09-09,2023-06-23,NA,NA,CPRD GOLD 100k
4,6308,2046531,NA,2021-01-01,2021-12-31,5603.096509240247,NA,NA,NA,FALSE,TRUE,1,panc_can_broad,inf,FALSE,years,FALSE,4,0,denominator_cohort_4,18 to 64,Male,180,1987-09-09,2023-06-23,NA,NA,CPRD GOLD 100k
4,5671,1903522,0,2022-01-01,2022-12-31,5211.559206023272,0,0,70.78264504508563,FALSE,FALSE,1,panc_can_broad,inf,FALSE,years,FALSE,4,0,denominator_cohort_4,18 to 64,Male,180,1987-09-09,2023-06-23,NA,NA,CPRD GOLD 100k
4,5221,805898,0,2023-01-01,2023-06-23,2206.4284736481864,0,0,167.1878104443881,FALSE,FALSE,1,panc_can_broad,inf,FALSE,years,FALSE,4,0,denominator_cohort_4,18 to 64,Male,180,1987-09-09,2023-06-23,NA,NA,CPRD GOLD 100k
5,54,5228,0,1988-03-07,1988-12-31,14.313483915126625,0,0,25772.058542752773,FALSE,FALSE,1,panc_can_broad,inf,FALSE,years,FALSE,5,0,denominator_cohort_5,18 to 64,Female,180,1987-09-09,2023-06-23,NA,NA,CPRD GOLD 100k
5,313,56469,0,1989-01-01,1989-12-31,154.60369609856264,0,0,2386.022810064132,FALSE,FALSE,1,panc_can_broad,inf,FALSE,years,FALSE,5,0,denominator_cohort_5,18 to 64,Female,180,1987-09-09,2023-06-23,NA,NA,CPRD GOLD 100k
5,1296,280367,0,1990-01-01,1990-12-31,767.6030116358659,0,0,480.5712586057257,FALSE,FALSE,1,panc_can_broad,inf,FALSE,years,FALSE,5,0,denominator_cohort_5,18 to 64,Female,180,1987-09-09,2023-06-23,NA,NA,CPRD GOLD 100k
5,1756,537982,0,1991-01-01,1991-12-31,1472.914442162902,0,0,250.4476396264401,FALSE,FALSE,1,panc_can_broad,inf,FALSE,years,FALSE,5,0,denominator_cohort_5,18 to 64,Female,180,1987-09-09,2023-06-23,NA,NA,CPRD GOLD 100k
5,2036,661974,NA,1992-01-01,1992-12-31,1812.3860369609856,NA,NA,NA,FALSE,TRUE,1,panc_can_broad,inf,FALSE,years,FALSE,5,0,denominator_cohort_5,18 to 64,Female,180,1987-09-09,2023-06-23,NA,NA,CPRD GOLD 100k
5,2323,759513,0,1993-01-01,1993-12-31,2079.4332648870636,0,0,177.39830926068612,FALSE,FALSE,1,panc_can_broad,inf,FALSE,years,FALSE,5,0,denominator_cohort_5,18 to 64,Female,180,1987-09-09,2023-06-23,NA,NA,CPRD GOLD 100k
5,2482,827328,0,1994-01-01,1994-12-31,2265.100616016427,0,0,162.85720060424825,FALSE,FALSE,1,panc_can_broad,inf,FALSE,years,FALSE,5,0,denominator_cohort_5,18 to 64,Female,180,1987-09-09,2023-06-23,NA,NA,CPRD GOLD 100k
5,2689,899906,0,1995-01-01,1995-12-31,2463.808350444901,0,0,149.72266221306612,FALSE,FALSE,1,panc_can_broad,inf,FALSE,years,FALSE,5,0,denominator_cohort_5,18 to 64,Female,180,1987-09-09,2023-06-23,NA,NA,CPRD GOLD 100k
5,3092,975869,0,1996-01-01,1996-12-31,2671.7837097878164,0,0,138.06804198259346,FALSE,FALSE,1,panc_can_broad,inf,FALSE,years,FALSE,5,0,denominator_cohort_5,18 to 64,Female,180,1987-09-09,2023-06-23,NA,NA,CPRD GOLD 100k
5,3693,1175970,0,1997-01-01,1997-12-31,3219.6303901437373,0,0,114.5746252553309,FALSE,FALSE,1,panc_can_broad,inf,FALSE,years,FALSE,5,0,denominator_cohort_5,18 to 64,Female,180,1987-09-09,2023-06-23,NA,NA,CPRD GOLD 100k
5,4272,1392939,NA,1998-01-01,1998-12-31,3813.659137577002,NA,NA,NA,FALSE,TRUE,1,panc_can_broad,inf,FALSE,years,FALSE,5,0,denominator_cohort_5,18 to 64,Female,180,1987-09-09,2023-06-23,NA,NA,CPRD GOLD 100k
5,5191,1660326,NA,1999-01-01,1999-12-31,4545.724845995893,NA,NA,NA,FALSE,TRUE,1,panc_can_broad,inf,FALSE,years,FALSE,5,0,denominator_cohort_5,18 to 64,Female,180,1987-09-09,2023-06-23,NA,NA,CPRD GOLD 100k
5,6733,2104998,0,2000-01-01,2000-12-31,5763.170431211499,0,0,64.00781476348742,FALSE,FALSE,1,panc_can_broad,inf,FALSE,years,FALSE,5,0,denominator_cohort_5,18 to 64,Female,180,1987-09-09,2023-06-23,NA,NA,CPRD GOLD 100k
5,7677,2486064,0,2001-01-01,2001-12-31,6806.47227926078,0,0,54.19664258905301,FALSE,FALSE,1,panc_can_broad,inf,FALSE,years,FALSE,5,0,denominator_cohort_5,18 to 64,Female,180,1987-09-09,2023-06-23,NA,NA,CPRD GOLD 100k
5,9053,2879756,0,2002-01-01,2002-12-31,7884.342231348392,0,0,46.78740909351747,FALSE,FALSE,1,panc_can_broad,inf,FALSE,years,FALSE,5,0,denominator_cohort_5,18 to 64,Female,180,1987-09-09,2023-06-23,NA,NA,CPRD GOLD 100k
5,10392,3349150,0,2003-01-01,2003-12-31,9169.472963723478,0,0,40.23000524357269,FALSE,FALSE,1,panc_can_broad,inf,FALSE,years,FALSE,5,0,denominator_cohort_5,18 to 64,Female,180,1987-09-09,2023-06-23,NA,NA,CPRD GOLD 100k
5,11803,3867122,0,2004-01-01,2004-12-31,10587.603011635865,0,0,34.84149764644392,FALSE,FALSE,1,panc_can_broad,inf,FALSE,years,FALSE,5,0,denominator_cohort_5,18 to 64,Female,180,1987-09-09,2023-06-23,NA,NA,CPRD GOLD 100k
5,12249,4157030,0,2005-01-01,2005-12-31,11381.327857631759,0,0,32.41167902601412,FALSE,FALSE,1,panc_can_broad,inf,FALSE,years,FALSE,5,0,denominator_cohort_5,18 to 64,Female,180,1987-09-09,2023-06-23,NA,NA,CPRD GOLD 100k
5,12529,4245111,NA,2006-01-01,2006-12-31,11622.480492813142,NA,NA,NA,FALSE,TRUE,1,panc_can_broad,inf,FALSE,years,FALSE,5,0,denominator_cohort_5,18 to 64,Female,180,1987-09-09,2023-06-23,NA,NA,CPRD GOLD 100k
5,12799,4302132,0,2007-01-01,2007-12-31,11778.595482546201,0,0,31.3185002369782,FALSE,FALSE,1,panc_can_broad,inf,FALSE,years,FALSE,5,0,denominator_cohort_5,18 to 64,Female,180,1987-09-09,2023-06-23,NA,NA,CPRD GOLD 100k
5,12855,4385192,0,2008-01-01,2008-12-31,12006.001368925394,0,0,30.72529596458068,FALSE,FALSE,1,panc_can_broad,inf,FALSE,years,FALSE,5,0,denominator_cohort_5,18 to 64,Female,180,1987-09-09,2023-06-23,NA,NA,CPRD GOLD 100k
5,12876,4375039,0,2009-01-01,2009-12-31,11978.203969883642,0,0,30.7965990843765,FALSE,FALSE,1,panc_can_broad,inf,FALSE,years,FALSE,5,0,denominator_cohort_5,18 to 64,Female,180,1987-09-09,2023-06-23,NA,NA,CPRD GOLD 100k
5,12845,4360392,0,2010-01-01,2010-12-31,11938.102669404518,0,0,30.900047991444687,FALSE,FALSE,1,panc_can_broad,inf,FALSE,years,FALSE,5,0,denominator_cohort_5,18 to 64,Female,180,1987-09-09,2023-06-23,NA,NA,CPRD GOLD 100k
5,12653,4269217,0,2011-01-01,2011-12-31,11688.479123887748,0,0,31.559961009597657,FALSE,FALSE,1,panc_can_broad,inf,FALSE,years,FALSE,5,0,denominator_cohort_5,18 to 64,Female,180,1987-09-09,2023-06-23,NA,NA,CPRD GOLD 100k
5,12416,4232912,0,2012-01-01,2012-12-31,11589.081451060918,0,0,31.830645678793108,FALSE,FALSE,1,panc_can_broad,inf,FALSE,years,FALSE,5,0,denominator_cohort_5,18 to 64,Female,180,1987-09-09,2023-06-23,NA,NA,CPRD GOLD 100k
5,12138,4032964,NA,2013-01-01,2013-12-31,11041.653661875427,NA,NA,NA,FALSE,TRUE,1,panc_can_broad,inf,FALSE,years,FALSE,5,0,denominator_cohort_5,18 to 64,Female,180,1987-09-09,2023-06-23,NA,NA,CPRD GOLD 100k
5,11548,3764538,0,2014-01-01,2014-12-31,10306.743326488706,0,0,35.790931599445,FALSE,FALSE,1,panc_can_broad,inf,FALSE,years,FALSE,5,0,denominator_cohort_5,18 to 64,Female,180,1987-09-09,2023-06-23,NA,NA,CPRD GOLD 100k
5,10491,3399656,NA,2015-01-01,2015-12-31,9307.750855578372,NA,NA,NA,FALSE,TRUE,1,panc_can_broad,inf,FALSE,years,FALSE,5,0,denominator_cohort_5,18 to 64,Female,180,1987-09-09,2023-06-23,NA,NA,CPRD GOLD 100k
5,8969,2945958,0,2016-01-01,2016-12-31,8065.593429158111,0,0,45.735995578182546,FALSE,FALSE,1,panc_can_broad,inf,FALSE,years,FALSE,5,0,denominator_cohort_5,18 to 64,Female,180,1987-09-09,2023-06-23,NA,NA,CPRD GOLD 100k
5,8091,2672798,NA,2017-01-01,2017-12-31,7317.722108145106,NA,NA,NA,FALSE,TRUE,1,panc_can_broad,inf,FALSE,years,FALSE,5,0,denominator_cohort_5,18 to 64,Female,180,1987-09-09,2023-06-23,NA,NA,CPRD GOLD 100k
5,7565,2556634,0,2018-01-01,2018-12-31,6999.6824093086925,0,0,52.70066895046828,FALSE,FALSE,1,panc_can_broad,inf,FALSE,years,FALSE,5,0,denominator_cohort_5,18 to 64,Female,180,1987-09-09,2023-06-23,NA,NA,CPRD GOLD 100k
5,7290,2443212,0,2019-01-01,2019-12-31,6689.149897330595,0,0,55.147208699659096,FALSE,FALSE,1,panc_can_broad,inf,FALSE,years,FALSE,5,0,denominator_cohort_5,18 to 64,Female,180,1987-09-09,2023-06-23,NA,NA,CPRD GOLD 100k
5,6836,2276671,0,2020-01-01,2020-12-31,6233.1854893908285,0,0,59.181287968929844,FALSE,FALSE,1,panc_can_broad,inf,FALSE,years,FALSE,5,0,denominator_cohort_5,18 to 64,Female,180,1987-09-09,2023-06-23,NA,NA,CPRD GOLD 100k
5,6204,2016089,0,2021-01-01,2021-12-31,5519.750855578371,0,0,66.83054272976615,FALSE,FALSE,1,panc_can_broad,inf,FALSE,years,FALSE,5,0,denominator_cohort_5,18 to 64,Female,180,1987-09-09,2023-06-23,NA,NA,CPRD GOLD 100k
5,5619,1873100,NA,2022-01-01,2022-12-31,5128.268309377139,NA,NA,NA,FALSE,TRUE,1,panc_can_broad,inf,FALSE,years,FALSE,5,0,denominator_cohort_5,18 to 64,Female,180,1987-09-09,2023-06-23,NA,NA,CPRD GOLD 100k
5,5185,798298,0,2023-01-01,2023-06-23,2185.6208076659823,0,0,168.7794809225521,FALSE,FALSE,1,panc_can_broad,inf,FALSE,years,FALSE,5,0,denominator_cohort_5,18 to 64,Female,180,1987-09-09,2023-06-23,NA,NA,CPRD GOLD 100k
6,106,10865,0,1988-03-07,1988-12-31,29.746748802190282,0,0,12400.950028671099,FALSE,FALSE,1,panc_can_broad,inf,FALSE,years,FALSE,6,0,denominator_cohort_6,18 to 64,Both,180,1987-09-09,2023-06-23,NA,NA,CPRD GOLD 100k
6,663,122823,0,1989-01-01,1989-12-31,336.2710472279261,0,0,1096.995856325863,FALSE,FALSE,1,panc_can_broad,inf,FALSE,years,FALSE,6,0,denominator_cohort_6,18 to 64,Both,180,1987-09-09,2023-06-23,NA,NA,CPRD GOLD 100k
6,2592,565178,0,1990-01-01,1990-12-31,1547.3730321697467,0,0,238.3962611097946,FALSE,FALSE,1,panc_can_broad,inf,FALSE,years,FALSE,6,0,denominator_cohort_6,18 to 64,Both,180,1987-09-09,2023-06-23,NA,NA,CPRD GOLD 100k
6,3539,1082568,0,1991-01-01,1991-12-31,2963.909650924025,0,0,124.45991573879098,FALSE,FALSE,1,panc_can_broad,inf,FALSE,years,FALSE,6,0,denominator_cohort_6,18 to 64,Both,180,1987-09-09,2023-06-23,NA,NA,CPRD GOLD 100k
6,4047,1319238,NA,1992-01-01,1992-12-31,3611.876796714579,NA,NA,NA,FALSE,TRUE,1,panc_can_broad,inf,FALSE,years,FALSE,6,0,denominator_cohort_6,18 to 64,Both,180,1987-09-09,2023-06-23,NA,NA,CPRD GOLD 100k
6,4680,1533720,0,1993-01-01,1993-12-31,4199.096509240247,0,0,87.84936107080267,FALSE,FALSE,1,panc_can_broad,inf,FALSE,years,FALSE,6,0,denominator_cohort_6,18 to 64,Both,180,1987-09-09,2023-06-23,NA,NA,CPRD GOLD 100k
6,5014,1680793,0,1994-01-01,1994-12-31,4601.760438056126,0,0,80.1623531639598,FALSE,FALSE,1,panc_can_broad,inf,FALSE,years,FALSE,6,0,denominator_cohort_6,18 to 64,Both,180,1987-09-09,2023-06-23,NA,NA,CPRD GOLD 100k
6,5430,1815712,0,1995-01-01,1995-12-31,4971.148528405202,0,0,74.2057782630238,FALSE,FALSE,1,panc_can_broad,inf,FALSE,years,FALSE,6,0,denominator_cohort_6,18 to 64,Both,180,1987-09-09,2023-06-23,NA,NA,CPRD GOLD 100k
6,6268,1982430,0,1996-01-01,1996-12-31,5427.597535934292,0,0,67.96523562572776,FALSE,FALSE,1,panc_can_broad,inf,FALSE,years,FALSE,6,0,denominator_cohort_6,18 to 64,Both,180,1987-09-09,2023-06-23,NA,NA,CPRD GOLD 100k
6,7540,2399895,0,1997-01-01,1997-12-31,6570.554414784394,0,0,56.14259043062779,FALSE,FALSE,1,panc_can_broad,inf,FALSE,years,FALSE,6,0,denominator_cohort_6,18 to 64,Both,180,1987-09-09,2023-06-23,NA,NA,CPRD GOLD 100k
6,8650,2831899,NA,1998-01-01,1998-12-31,7753.316906228611,NA,NA,NA,FALSE,TRUE,1,panc_can_broad,inf,FALSE,years,FALSE,6,0,denominator_cohort_6,18 to 64,Both,180,1987-09-09,2023-06-23,NA,NA,CPRD GOLD 100k
6,10562,3376434,NA,1999-01-01,1999-12-31,9244.172484599589,NA,NA,NA,FALSE,TRUE,1,panc_can_broad,inf,FALSE,years,FALSE,6,0,denominator_cohort_6,18 to 64,Both,180,1987-09-09,2023-06-23,NA,NA,CPRD GOLD 100k
6,13703,4306349,0,2000-01-01,2000-12-31,11790.140999315538,0,0,31.287831539318223,FALSE,FALSE,1,panc_can_broad,inf,FALSE,years,FALSE,6,0,denominator_cohort_6,18 to 64,Both,180,1987-09-09,2023-06-23,NA,NA,CPRD GOLD 100k
6,15705,5106929,0,2001-01-01,2001-12-31,13982.009582477755,0,0,26.383041953689094,FALSE,FALSE,1,panc_can_broad,inf,FALSE,years,FALSE,6,0,denominator_cohort_6,18 to 64,Both,180,1987-09-09,2023-06-23,NA,NA,CPRD GOLD 100k
6,18475,5896367,0,2002-01-01,2002-12-31,16143.373032169748,0,0,22.850735386978368,FALSE,FALSE,1,panc_can_broad,inf,FALSE,years,FALSE,6,0,denominator_cohort_6,18 to 64,Both,180,1987-09-09,2023-06-23,NA,NA,CPRD GOLD 100k
6,21253,6872597,0,2003-01-01,2003-12-31,18816.145106091717,0,0,19.604862915941602,FALSE,FALSE,1,panc_can_broad,inf,FALSE,years,FALSE,6,0,denominator_cohort_6,18 to 64,Both,180,1987-09-09,2023-06-23,NA,NA,CPRD GOLD 100k
6,24081,7910759,0,2004-01-01,2004-12-31,21658.477754962354,0,0,17.032034734152752,FALSE,FALSE,1,panc_can_broad,inf,FALSE,years,FALSE,6,0,denominator_cohort_6,18 to 64,Both,180,1987-09-09,2023-06-23,NA,NA,CPRD GOLD 100k
6,24959,8490733,NA,2005-01-01,2005-12-31,23246.36002737851,NA,NA,NA,FALSE,TRUE,1,panc_can_broad,inf,FALSE,years,FALSE,6,0,denominator_cohort_6,18 to 64,Both,180,1987-09-09,2023-06-23,NA,NA,CPRD GOLD 100k
6,25534,8642589,NA,2006-01-01,2006-12-31,23662.11909650924,NA,NA,NA,FALSE,TRUE,1,panc_can_broad,inf,FALSE,years,FALSE,6,0,denominator_cohort_6,18 to 64,Both,180,1987-09-09,2023-06-23,NA,NA,CPRD GOLD 100k
6,25951,8776686,0,2007-01-01,2007-12-31,24029.256673511292,0,0,15.351617006864721,FALSE,FALSE,1,panc_can_broad,inf,FALSE,years,FALSE,6,0,denominator_cohort_6,18 to 64,Both,180,1987-09-09,2023-06-23,NA,NA,CPRD GOLD 100k
6,26035,8899787,NA,2008-01-01,2008-12-31,24366.288843258044,NA,NA,NA,FALSE,TRUE,1,panc_can_broad,inf,FALSE,years,FALSE,6,0,denominator_cohort_6,18 to 64,Both,180,1987-09-09,2023-06-23,NA,NA,CPRD GOLD 100k
6,26153,8896459,0,2009-01-01,2009-12-31,24357.177275838465,0,0,15.144938234584288,FALSE,FALSE,1,panc_can_broad,inf,FALSE,years,FALSE,6,0,denominator_cohort_6,18 to 64,Both,180,1987-09-09,2023-06-23,NA,NA,CPRD GOLD 100k
6,26114,8859755,NA,2010-01-01,2010-12-31,24256.68720054757,NA,NA,NA,FALSE,TRUE,1,panc_can_broad,inf,FALSE,years,FALSE,6,0,denominator_cohort_6,18 to 64,Both,180,1987-09-09,2023-06-23,NA,NA,CPRD GOLD 100k
6,25677,8691826,NA,2011-01-01,2011-12-31,23796.922655715265,NA,NA,NA,FALSE,TRUE,1,panc_can_broad,inf,FALSE,years,FALSE,6,0,denominator_cohort_6,18 to 64,Both,180,1987-09-09,2023-06-23,NA,NA,CPRD GOLD 100k
6,25119,8574619,NA,2012-01-01,2012-12-31,23476.02737850787,NA,NA,NA,FALSE,TRUE,1,panc_can_broad,inf,FALSE,years,FALSE,6,0,denominator_cohort_6,18 to 64,Both,180,1987-09-09,2023-06-23,NA,NA,CPRD GOLD 100k
6,24528,8160213,NA,2013-01-01,2013-12-31,22341.445585215606,NA,NA,NA,FALSE,TRUE,1,panc_can_broad,inf,FALSE,years,FALSE,6,0,denominator_cohort_6,18 to 64,Both,180,1987-09-09,2023-06-23,NA,NA,CPRD GOLD 100k
6,23229,7593286,0,2014-01-01,2014-12-31,20789.284052019164,0,0,17.744138975077654,FALSE,FALSE,1,panc_can_broad,inf,FALSE,years,FALSE,6,0,denominator_cohort_6,18 to 64,Both,180,1987-09-09,2023-06-23,NA,NA,CPRD GOLD 100k
6,21029,6834634,NA,2015-01-01,2015-12-31,18712.208076659823,NA,NA,NA,FALSE,TRUE,1,panc_can_broad,inf,FALSE,years,FALSE,6,0,denominator_cohort_6,18 to 64,Both,180,1987-09-09,2023-06-23,NA,NA,CPRD GOLD 100k
6,18034,5930812,0,2016-01-01,2016-12-31,16237.678302532511,0,0,22.718022770155503,FALSE,FALSE,1,panc_can_broad,inf,FALSE,years,FALSE,6,0,denominator_cohort_6,18 to 64,Both,180,1987-09-09,2023-06-23,NA,NA,CPRD GOLD 100k
6,16318,5412231,NA,2017-01-01,2017-12-31,14817.880903490759,NA,NA,NA,FALSE,TRUE,1,panc_can_broad,inf,FALSE,years,FALSE,6,0,denominator_cohort_6,18 to 64,Both,180,1987-09-09,2023-06-23,NA,NA,CPRD GOLD 100k
6,15174,5130786,0,2018-01-01,2018-12-31,14047.326488706365,0,0,26.260366747221866,FALSE,FALSE,1,panc_can_broad,inf,FALSE,years,FALSE,6,0,denominator_cohort_6,18 to 64,Both,180,1987-09-09,2023-06-23,NA,NA,CPRD GOLD 100k
6,14598,4901061,0,2019-01-01,2019-12-31,13418.373716632443,0,0,27.49125588551367,FALSE,FALSE,1,panc_can_broad,inf,FALSE,years,FALSE,6,0,denominator_cohort_6,18 to 64,Both,180,1987-09-09,2023-06-23,NA,NA,CPRD GOLD 100k
6,13710,4575765,0,2020-01-01,2020-12-31,12527.76180698152,0,0,29.445638502307588,FALSE,FALSE,1,panc_can_broad,inf,FALSE,years,FALSE,6,0,denominator_cohort_6,18 to 64,Both,180,1987-09-09,2023-06-23,NA,NA,CPRD GOLD 100k
6,12512,4062620,NA,2021-01-01,2021-12-31,11122.847364818617,NA,NA,NA,FALSE,TRUE,1,panc_can_broad,inf,FALSE,years,FALSE,6,0,denominator_cohort_6,18 to 64,Both,180,1987-09-09,2023-06-23,NA,NA,CPRD GOLD 100k
6,11290,3776622,NA,2022-01-01,2022-12-31,10339.827515400411,NA,NA,NA,FALSE,TRUE,1,panc_can_broad,inf,FALSE,years,FALSE,6,0,denominator_cohort_6,18 to 64,Both,180,1987-09-09,2023-06-23,NA,NA,CPRD GOLD 100k
6,10406,1604196,0,2023-01-01,2023-06-23,4392.049281314168,0,0,83.98993767688705,FALSE,FALSE,1,panc_can_broad,inf,FALSE,years,FALSE,6,0,denominator_cohort_6,18 to 64,Both,180,1987-09-09,2023-06-23,NA,NA,CPRD GOLD 100k
7,13,1452,0,1988-03-07,1988-12-31,3.975359342915811,0,0,92793.61023520076,FALSE,FALSE,1,panc_can_broad,inf,FALSE,years,FALSE,7,0,denominator_cohort_7,65 to 199,Male,180,1987-09-09,2023-06-23,NA,NA,CPRD GOLD 100k
7,51,10494,0,1989-01-01,1989-12-31,28.73100616016427,0,0,12839.367453927147,FALSE,FALSE,1,panc_can_broad,inf,FALSE,years,FALSE,7,0,denominator_cohort_7,65 to 199,Male,180,1987-09-09,2023-06-23,NA,NA,CPRD GOLD 100k
7,282,57453,0,1990-01-01,1990-12-31,157.29774127310063,0,0,2345.157294858606,FALSE,FALSE,1,panc_can_broad,inf,FALSE,years,FALSE,7,0,denominator_cohort_7,65 to 199,Male,180,1987-09-09,2023-06-23,NA,NA,CPRD GOLD 100k
7,410,125032,0,1991-01-01,1991-12-31,342.3189596167009,0,0,1077.6147071270673,FALSE,FALSE,1,panc_can_broad,inf,FALSE,years,FALSE,7,0,denominator_cohort_7,65 to 199,Male,180,1987-09-09,2023-06-23,NA,NA,CPRD GOLD 100k
7,472,152724,0,1992-01-01,1992-12-31,418.135523613963,0,0,882.2210134720901,FALSE,FALSE,1,panc_can_broad,inf,FALSE,years,FALSE,7,0,denominator_cohort_7,65 to 199,Male,180,1987-09-09,2023-06-23,NA,NA,CPRD GOLD 100k
7,541,179662,0,1993-01-01,1993-12-31,491.8877481177276,0,0,749.9433495202741,FALSE,FALSE,1,panc_can_broad,inf,FALSE,years,FALSE,7,0,denominator_cohort_7,65 to 199,Male,180,1987-09-09,2023-06-23,NA,NA,CPRD GOLD 100k
7,582,197229,0,1994-01-01,1994-12-31,539.9835728952772,0,0,683.1466065411855,FALSE,FALSE,1,panc_can_broad,inf,FALSE,years,FALSE,7,0,denominator_cohort_7,65 to 199,Male,180,1987-09-09,2023-06-23,NA,NA,CPRD GOLD 100k
7,664,222049,0,1995-01-01,1995-12-31,607.937029431896,0,0,606.7864393062409,FALSE,FALSE,1,panc_can_broad,inf,FALSE,years,FALSE,7,0,denominator_cohort_7,65 to 199,Male,180,1987-09-09,2023-06-23,NA,NA,CPRD GOLD 100k
7,766,247424,NA,1996-01-01,1996-12-31,677.4099931553731,NA,NA,NA,FALSE,TRUE,1,panc_can_broad,inf,FALSE,years,FALSE,7,0,denominator_cohort_7,65 to 199,Male,180,1987-09-09,2023-06-23,NA,NA,CPRD GOLD 100k
7,887,287036,0,1997-01-01,1997-12-31,785.8617385352499,0,0,469.40565664763824,FALSE,FALSE,1,panc_can_broad,inf,FALSE,years,FALSE,7,0,denominator_cohort_7,65 to 199,Male,180,1987-09-09,2023-06-23,NA,NA,CPRD GOLD 100k
7,995,329782,NA,1998-01-01,1998-12-31,902.8939082819986,NA,NA,NA,FALSE,TRUE,1,panc_can_broad,inf,FALSE,years,FALSE,7,0,denominator_cohort_7,65 to 199,Male,180,1987-09-09,2023-06-23,NA,NA,CPRD GOLD 100k
7,1204,386535,NA,1999-01-01,1999-12-31,1058.2751540041068,NA,NA,NA,FALSE,TRUE,1,panc_can_broad,inf,FALSE,years,FALSE,7,0,denominator_cohort_7,65 to 199,Male,180,1987-09-09,2023-06-23,NA,NA,CPRD GOLD 100k
7,1510,482396,0,2000-01-01,2000-12-31,1320.7282683093772,0,0,279.3064661844449,FALSE,FALSE,1,panc_can_broad,inf,FALSE,years,FALSE,7,0,denominator_cohort_7,65 to 199,Male,180,1987-09-09,2023-06-23,NA,NA,CPRD GOLD 100k
7,1752,573803,NA,2001-01-01,2001-12-31,1570.986995208761,NA,NA,NA,FALSE,TRUE,1,panc_can_broad,inf,FALSE,years,FALSE,7,0,denominator_cohort_7,65 to 199,Male,180,1987-09-09,2023-06-23,NA,NA,CPRD GOLD 100k
7,2074,662946,NA,2002-01-01,2002-12-31,1815.047227926078,NA,NA,NA,FALSE,TRUE,1,panc_can_broad,inf,FALSE,years,FALSE,7,0,denominator_cohort_7,65 to 199,Male,180,1987-09-09,2023-06-23,NA,NA,CPRD GOLD 100k
7,2335,756705,NA,2003-01-01,2003-12-31,2071.7453798767965,NA,NA,NA,FALSE,TRUE,1,panc_can_broad,inf,FALSE,years,FALSE,7,0,denominator_cohort_7,65 to 199,Male,180,1987-09-09,2023-06-23,NA,NA,CPRD GOLD 100k
7,2653,880408,0,2004-01-01,2004-12-31,2410.425735797399,0,0,153.0385026732055,FALSE,FALSE,1,panc_can_broad,inf,FALSE,years,FALSE,7,0,denominator_cohort_7,65 to 199,Male,180,1987-09-09,2023-06-23,NA,NA,CPRD GOLD 100k
7,2755,944438,NA,2005-01-01,2005-12-31,2585.7303216974674,NA,NA,NA,FALSE,TRUE,1,panc_can_broad,inf,FALSE,years,FALSE,7,0,denominator_cohort_7,65 to 199,Male,180,1987-09-09,2023-06-23,NA,NA,CPRD GOLD 100k
7,2819,968479,NA,2006-01-01,2006-12-31,2651.5509924709104,NA,NA,NA,FALSE,TRUE,1,panc_can_broad,inf,FALSE,years,FALSE,7,0,denominator_cohort_7,65 to 199,Male,180,1987-09-09,2023-06-23,NA,NA,CPRD GOLD 100k
7,2914,1003714,NA,2007-01-01,2007-12-31,2748.01916495551,NA,NA,NA,FALSE,TRUE,1,panc_can_broad,inf,FALSE,years,FALSE,7,0,denominator_cohort_7,65 to 199,Male,180,1987-09-09,2023-06-23,NA,NA,CPRD GOLD 100k
7,2983,1028290,NA,2008-01-01,2008-12-31,2815.3045859000686,NA,NA,NA,FALSE,TRUE,1,panc_can_broad,inf,FALSE,years,FALSE,7,0,denominator_cohort_7,65 to 199,Male,180,1987-09-09,2023-06-23,NA,NA,CPRD GOLD 100k
7,3003,1036546,0,2009-01-01,2009-12-31,2837.908281998631,0,0,129.9858588634865,FALSE,FALSE,1,panc_can_broad,inf,FALSE,years,FALSE,7,0,denominator_cohort_7,65 to 199,Male,180,1987-09-09,2023-06-23,NA,NA,CPRD GOLD 100k
7,3048,1045834,0,2010-01-01,2010-12-31,2863.337440109514,0,0,128.83146088338253,FALSE,FALSE,1,panc_can_broad,inf,FALSE,years,FALSE,7,0,denominator_cohort_7,65 to 199,Male,180,1987-09-09,2023-06-23,NA,NA,CPRD GOLD 100k
7,3082,1059582,NA,2011-01-01,2011-12-31,2900.977412731006,NA,NA,NA,FALSE,TRUE,1,panc_can_broad,inf,FALSE,years,FALSE,7,0,denominator_cohort_7,65 to 199,Male,180,1987-09-09,2023-06-23,NA,NA,CPRD GOLD 100k
7,3126,1086833,NA,2012-01-01,2012-12-31,2975.586584531143,NA,NA,NA,FALSE,TRUE,1,panc_can_broad,inf,FALSE,years,FALSE,7,0,denominator_cohort_7,65 to 199,Male,180,1987-09-09,2023-06-23,NA,NA,CPRD GOLD 100k
7,3158,1065971,NA,2013-01-01,2013-12-31,2918.4695414099933,NA,NA,NA,FALSE,TRUE,1,panc_can_broad,inf,FALSE,years,FALSE,7,0,denominator_cohort_7,65 to 199,Male,180,1987-09-09,2023-06-23,NA,NA,CPRD GOLD 100k
7,3087,1027997,NA,2014-01-01,2014-12-31,2814.5023956194386,NA,NA,NA,FALSE,TRUE,1,panc_can_broad,inf,FALSE,years,FALSE,7,0,denominator_cohort_7,65 to 199,Male,180,1987-09-09,2023-06-23,NA,NA,CPRD GOLD 100k
7,2864,940027,0,2015-01-01,2015-12-31,2573.6536618754276,0,0,143.3323958370467,FALSE,FALSE,1,panc_can_broad,inf,FALSE,years,FALSE,7,0,denominator_cohort_7,65 to 199,Male,180,1987-09-09,2023-06-23,NA,NA,CPRD GOLD 100k
7,2453,801712,NA,2016-01-01,2016-12-31,2194.967830253251,NA,NA,NA,FALSE,TRUE,1,panc_can_broad,inf,FALSE,years,FALSE,7,0,denominator_cohort_7,65 to 199,Male,180,1987-09-09,2023-06-23,NA,NA,CPRD GOLD 100k
7,2184,733150,NA,2017-01-01,2017-12-31,2007.2553045859001,NA,NA,NA,FALSE,TRUE,1,panc_can_broad,inf,FALSE,years,FALSE,7,0,denominator_cohort_7,65 to 199,Male,180,1987-09-09,2023-06-23,NA,NA,CPRD GOLD 100k
7,2058,707954,0,2018-01-01,2018-12-31,1938.2724161533197,0,0,190.3179049225112,FALSE,FALSE,1,panc_can_broad,inf,FALSE,years,FALSE,7,0,denominator_cohort_7,65 to 199,Male,180,1987-09-09,2023-06-23,NA,NA,CPRD GOLD 100k
7,2054,696853,NA,2019-01-01,2019-12-31,1907.8795345653662,NA,NA,NA,FALSE,TRUE,1,panc_can_broad,inf,FALSE,years,FALSE,7,0,denominator_cohort_7,65 to 199,Male,180,1987-09-09,2023-06-23,NA,NA,CPRD GOLD 100k
7,1939,649752,0,2020-01-01,2020-12-31,1778.924024640657,0,0,207.3657673412494,FALSE,FALSE,1,panc_can_broad,inf,FALSE,years,FALSE,7,0,denominator_cohort_7,65 to 199,Male,180,1987-09-09,2023-06-23,NA,NA,CPRD GOLD 100k
7,1817,601725,NA,2021-01-01,2021-12-31,1647.4332648870636,NA,NA,NA,FALSE,TRUE,1,panc_can_broad,inf,FALSE,years,FALSE,7,0,denominator_cohort_7,65 to 199,Male,180,1987-09-09,2023-06-23,NA,NA,CPRD GOLD 100k
7,1705,573754,0,2022-01-01,2022-12-31,1570.8528405201916,0,0,234.83291107602122,FALSE,FALSE,1,panc_can_broad,inf,FALSE,years,FALSE,7,0,denominator_cohort_7,65 to 199,Male,180,1987-09-09,2023-06-23,NA,NA,CPRD GOLD 100k
7,1633,252761,0,2023-01-01,2023-06-23,692.021902806297,0,0,533.0581935564089,FALSE,FALSE,1,panc_can_broad,inf,FALSE,years,FALSE,7,0,denominator_cohort_7,65 to 199,Male,180,1987-09-09,2023-06-23,NA,NA,CPRD GOLD 100k
8,14,1597,0,1988-03-07,1988-12-31,4.372347707049966,0,0,84368.39202348872,FALSE,FALSE,1,panc_can_broad,inf,FALSE,years,FALSE,8,0,denominator_cohort_8,65 to 199,Female,180,1987-09-09,2023-06-23,NA,NA,CPRD GOLD 100k
8,112,19571,0,1989-01-01,1989-12-31,53.582477754962355,0,0,6884.488378800853,FALSE,FALSE,1,panc_can_broad,inf,FALSE,years,FALSE,8,0,denominator_cohort_8,65 to 199,Female,180,1987-09-09,2023-06-23,NA,NA,CPRD GOLD 100k
8,421,93841,0,1990-01-01,1990-12-31,256.92265571526355,0,0,1435.7937581815142,FALSE,FALSE,1,panc_can_broad,inf,FALSE,years,FALSE,8,0,denominator_cohort_8,65 to 199,Female,180,1987-09-09,2023-06-23,NA,NA,CPRD GOLD 100k
8,590,179814,0,1991-01-01,1991-12-31,492.3039014373717,0,0,749.3094089532044,FALSE,FALSE,1,panc_can_broad,inf,FALSE,years,FALSE,8,0,denominator_cohort_8,65 to 199,Female,180,1987-09-09,2023-06-23,NA,NA,CPRD GOLD 100k
8,688,223064,0,1992-01-01,1992-12-31,610.715947980835,0,0,604.0254010575956,FALSE,FALSE,1,panc_can_broad,inf,FALSE,years,FALSE,8,0,denominator_cohort_8,65 to 199,Female,180,1987-09-09,2023-06-23,NA,NA,CPRD GOLD 100k
8,811,266089,0,1993-01-01,1993-12-31,728.5119780971937,0,0,506.35810597774235,FALSE,FALSE,1,panc_can_broad,inf,FALSE,years,FALSE,8,0,denominator_cohort_8,65 to 199,Female,180,1987-09-09,2023-06-23,NA,NA,CPRD GOLD 100k
8,860,292937,0,1994-01-01,1994-12-31,802.0177960301164,0,0,459.9498255990588,FALSE,FALSE,1,panc_can_broad,inf,FALSE,years,FALSE,8,0,denominator_cohort_8,65 to 199,Female,180,1987-09-09,2023-06-23,NA,NA,CPRD GOLD 100k
8,910,309088,0,1995-01-01,1995-12-31,846.236824093087,0,0,435.91573293531775,FALSE,FALSE,1,panc_can_broad,inf,FALSE,years,FALSE,8,0,denominator_cohort_8,65 to 199,Female,180,1987-09-09,2023-06-23,NA,NA,CPRD GOLD 100k
8,1028,333467,NA,1996-01-01,1996-12-31,912.9828884325805,NA,NA,NA,FALSE,TRUE,1,panc_can_broad,inf,FALSE,years,FALSE,8,0,denominator_cohort_8,65 to 199,Female,180,1987-09-09,2023-06-23,NA,NA,CPRD GOLD 100k
8,1211,387696,NA,1997-01-01,1997-12-31,1061.453798767967,NA,NA,NA,FALSE,TRUE,1,panc_can_broad,inf,FALSE,years,FALSE,8,0,denominator_cohort_8,65 to 199,Female,180,1987-09-09,2023-06-23,NA,NA,CPRD GOLD 100k
8,1355,446125,NA,1998-01-01,1998-12-31,1221.4236824093086,NA,NA,NA,FALSE,TRUE,1,panc_can_broad,inf,FALSE,years,FALSE,8,0,denominator_cohort_8,65 to 199,Female,180,1987-09-09,2023-06-23,NA,NA,CPRD GOLD 100k
8,1667,534867,0,1999-01-01,1999-12-31,1464.3860369609856,0,0,251.90621605279722,FALSE,FALSE,1,panc_can_broad,inf,FALSE,years,FALSE,8,0,denominator_cohort_8,65 to 199,Female,180,1987-09-09,2023-06-23,NA,NA,CPRD GOLD 100k
8,2110,672087,NA,2000-01-01,2000-12-31,1840.0739219712525,NA,NA,NA,FALSE,TRUE,1,panc_can_broad,inf,FALSE,years,FALSE,8,0,denominator_cohort_8,65 to 199,Female,180,1987-09-09,2023-06-23,NA,NA,CPRD GOLD 100k
8,2375,784207,NA,2001-01-01,2001-12-31,2147.041752224504,NA,NA,NA,FALSE,TRUE,1,panc_can_broad,inf,FALSE,years,FALSE,8,0,denominator_cohort_8,65 to 199,Female,180,1987-09-09,2023-06-23,NA,NA,CPRD GOLD 100k
8,2764,887917,NA,2002-01-01,2002-12-31,2430.984257357974,NA,NA,NA,FALSE,TRUE,1,panc_can_broad,inf,FALSE,years,FALSE,8,0,denominator_cohort_8,65 to 199,Female,180,1987-09-09,2023-06-23,NA,NA,CPRD GOLD 100k
8,3112,1016381,NA,2003-01-01,2003-12-31,2782.6995208761123,NA,NA,NA,FALSE,TRUE,1,panc_can_broad,inf,FALSE,years,FALSE,8,0,denominator_cohort_8,65 to 199,Female,180,1987-09-09,2023-06-23,NA,NA,CPRD GOLD 100k
8,3472,1154374,NA,2004-01-01,2004-12-31,3160.5037645448324,NA,NA,NA,FALSE,TRUE,1,panc_can_broad,inf,FALSE,years,FALSE,8,0,denominator_cohort_8,65 to 199,Female,180,1987-09-09,2023-06-23,NA,NA,CPRD GOLD 100k
8,3592,1224943,NA,2005-01-01,2005-12-31,3353.7111567419574,NA,NA,NA,FALSE,TRUE,1,panc_can_broad,inf,FALSE,years,FALSE,8,0,denominator_cohort_8,65 to 199,Female,180,1987-09-09,2023-06-23,NA,NA,CPRD GOLD 100k
8,3636,1248767,NA,2006-01-01,2006-12-31,3418.937713894593,NA,NA,NA,FALSE,TRUE,1,panc_can_broad,inf,FALSE,years,FALSE,8,0,denominator_cohort_8,65 to 199,Female,180,1987-09-09,2023-06-23,NA,NA,CPRD GOLD 100k
8,3748,1277982,0,2007-01-01,2007-12-31,3498.924024640657,0,0,105.42896696628864,FALSE,FALSE,1,panc_can_broad,inf,FALSE,years,FALSE,8,0,denominator_cohort_8,65 to 199,Female,180,1987-09-09,2023-06-23,NA,NA,CPRD GOLD 100k
8,3804,1306151,0,2008-01-01,2008-12-31,3576.046543463381,0,0,103.15524166923386,FALSE,FALSE,1,panc_can_broad,inf,FALSE,years,FALSE,8,0,denominator_cohort_8,65 to 199,Female,180,1987-09-09,2023-06-23,NA,NA,CPRD GOLD 100k
8,3811,1316744,NA,2009-01-01,2009-12-31,3605.0485968514718,NA,NA,NA,FALSE,TRUE,1,panc_can_broad,inf,FALSE,years,FALSE,8,0,denominator_cohort_8,65 to 199,Female,180,1987-09-09,2023-06-23,NA,NA,CPRD GOLD 100k
8,3819,1304155,NA,2010-01-01,2010-12-31,3570.5817932922655,NA,NA,NA,FALSE,TRUE,1,panc_can_broad,inf,FALSE,years,FALSE,8,0,denominator_cohort_8,65 to 199,Female,180,1987-09-09,2023-06-23,NA,NA,CPRD GOLD 100k
8,3825,1311594,NA,2011-01-01,2011-12-31,3590.948665297741,NA,NA,NA,FALSE,TRUE,1,panc_can_broad,inf,FALSE,years,FALSE,8,0,denominator_cohort_8,65 to 199,Female,180,1987-09-09,2023-06-23,NA,NA,CPRD GOLD 100k
8,3818,1318556,NA,2012-01-01,2012-12-31,3610.009582477755,NA,NA,NA,FALSE,TRUE,1,panc_can_broad,inf,FALSE,years,FALSE,8,0,denominator_cohort_8,65 to 199,Female,180,1987-09-09,2023-06-23,NA,NA,CPRD GOLD 100k
8,3798,1284683,NA,2013-01-01,2013-12-31,3517.2703627652295,NA,NA,NA,FALSE,TRUE,1,panc_can_broad,inf,FALSE,years,FALSE,8,0,denominator_cohort_8,65 to 199,Female,180,1987-09-09,2023-06-23,NA,NA,CPRD GOLD 100k
8,3695,1223248,NA,2014-01-01,2014-12-31,3349.070499657769,NA,NA,NA,FALSE,TRUE,1,panc_can_broad,inf,FALSE,years,FALSE,8,0,denominator_cohort_8,65 to 199,Female,180,1987-09-09,2023-06-23,NA,NA,CPRD GOLD 100k
8,3397,1109871,0,2015-01-01,2015-12-31,3038.6611909650924,0,0,121.39818236669981,FALSE,FALSE,1,panc_can_broad,inf,FALSE,years,FALSE,8,0,denominator_cohort_8,65 to 199,Female,180,1987-09-09,2023-06-23,NA,NA,CPRD GOLD 100k
8,2900,945768,NA,2016-01-01,2016-12-31,2589.3716632443534,NA,NA,NA,FALSE,TRUE,1,panc_can_broad,inf,FALSE,years,FALSE,8,0,denominator_cohort_8,65 to 199,Female,180,1987-09-09,2023-06-23,NA,NA,CPRD GOLD 100k
8,2572,858269,NA,2017-01-01,2017-12-31,2349.8124572210813,NA,NA,NA,FALSE,TRUE,1,panc_can_broad,inf,FALSE,years,FALSE,8,0,denominator_cohort_8,65 to 199,Female,180,1987-09-09,2023-06-23,NA,NA,CPRD GOLD 100k
8,2403,822673,NA,2018-01-01,2018-12-31,2252.3559206023274,NA,NA,NA,FALSE,TRUE,1,panc_can_broad,inf,FALSE,years,FALSE,8,0,denominator_cohort_8,65 to 199,Female,180,1987-09-09,2023-06-23,NA,NA,CPRD GOLD 100k
8,2361,801698,NA,2019-01-01,2019-12-31,2194.929500342231,NA,NA,NA,FALSE,TRUE,1,panc_can_broad,inf,FALSE,years,FALSE,8,0,denominator_cohort_8,65 to 199,Female,180,1987-09-09,2023-06-23,NA,NA,CPRD GOLD 100k
8,2277,759379,NA,2020-01-01,2020-12-31,2079.066392881588,NA,NA,NA,FALSE,TRUE,1,panc_can_broad,inf,FALSE,years,FALSE,8,0,denominator_cohort_8,65 to 199,Female,180,1987-09-09,2023-06-23,NA,NA,CPRD GOLD 100k
8,2126,709772,0,2021-01-01,2021-12-31,1943.2498288843258,0,0,189.83042732245212,FALSE,FALSE,1,panc_can_broad,inf,FALSE,years,FALSE,8,0,denominator_cohort_8,65 to 199,Female,180,1987-09-09,2023-06-23,NA,NA,CPRD GOLD 100k
8,2007,672508,0,2022-01-01,2022-12-31,1841.2265571526352,0,0,200.34902493577994,FALSE,FALSE,1,panc_can_broad,inf,FALSE,years,FALSE,8,0,denominator_cohort_8,65 to 199,Female,180,1987-09-09,2023-06-23,NA,NA,CPRD GOLD 100k
8,1872,290891,0,2023-01-01,2023-06-23,796.4161533196441,0,0,463.1849113981233,FALSE,FALSE,1,panc_can_broad,inf,FALSE,years,FALSE,8,0,denominator_cohort_8,65 to 199,Female,180,1987-09-09,2023-06-23,NA,NA,CPRD GOLD 100k
9,27,3049,0,1988-03-07,1988-12-31,8.347707049965777,0,0,44190.33193227665,FALSE,FALSE,1,panc_can_broad,inf,FALSE,years,FALSE,9,0,denominator_cohort_9,65 to 199,Both,180,1987-09-09,2023-06-23,NA,NA,CPRD GOLD 100k
9,163,30065,0,1989-01-01,1989-12-31,82.31348391512662,0,0,4481.5008169469975,FALSE,FALSE,1,panc_can_broad,inf,FALSE,years,FALSE,9,0,denominator_cohort_9,65 to 199,Both,180,1987-09-09,2023-06-23,NA,NA,CPRD GOLD 100k
9,703,151294,0,1990-01-01,1990-12-31,414.22039698836414,0,0,890.5595863782536,FALSE,FALSE,1,panc_can_broad,inf,FALSE,years,FALSE,9,0,denominator_cohort_9,65 to 199,Both,180,1987-09-09,2023-06-23,NA,NA,CPRD GOLD 100k
9,1000,304846,0,1991-01-01,1991-12-31,834.6228610540726,0,0,441.98159746728345,FALSE,FALSE,1,panc_can_broad,inf,FALSE,years,FALSE,9,0,denominator_cohort_9,65 to 199,Both,180,1987-09-09,2023-06-23,NA,NA,CPRD GOLD 100k
9,1160,375788,0,1992-01-01,1992-12-31,1028.851471594798,0,0,358.5434395497235,FALSE,FALSE,1,panc_can_broad,inf,FALSE,years,FALSE,9,0,denominator_cohort_9,65 to 199,Both,180,1987-09-09,2023-06-23,NA,NA,CPRD GOLD 100k
9,1352,445751,0,1993-01-01,1993-12-31,1220.3997262149212,0,0,302.26813189765477,FALSE,FALSE,1,panc_can_broad,inf,FALSE,years,FALSE,9,0,denominator_cohort_9,65 to 199,Both,180,1987-09-09,2023-06-23,NA,NA,CPRD GOLD 100k
9,1442,490166,0,1994-01-01,1994-12-31,1342.0013689253935,0,0,274.8789635786886,FALSE,FALSE,1,panc_can_broad,inf,FALSE,years,FALSE,9,0,denominator_cohort_9,65 to 199,Both,180,1987-09-09,2023-06-23,NA,NA,CPRD GOLD 100k
9,1574,531137,0,1995-01-01,1995-12-31,1454.1738535249829,0,0,253.6752703379947,FALSE,FALSE,1,panc_can_broad,inf,FALSE,years,FALSE,9,0,denominator_cohort_9,65 to 199,Both,180,1987-09-09,2023-06-23,NA,NA,CPRD GOLD 100k
9,1794,580891,NA,1996-01-01,1996-12-31,1590.3928815879535,NA,NA,NA,FALSE,TRUE,1,panc_can_broad,inf,FALSE,years,FALSE,9,0,denominator_cohort_9,65 to 199,Both,180,1987-09-09,2023-06-23,NA,NA,CPRD GOLD 100k
9,2098,674732,NA,1997-01-01,1997-12-31,1847.315537303217,NA,NA,NA,FALSE,TRUE,1,panc_can_broad,inf,FALSE,years,FALSE,9,0,denominator_cohort_9,65 to 199,Both,180,1987-09-09,2023-06-23,NA,NA,CPRD GOLD 100k
9,2350,775907,NA,1998-01-01,1998-12-31,2124.3175906913075,NA,NA,NA,FALSE,TRUE,1,panc_can_broad,inf,FALSE,years,FALSE,9,0,denominator_cohort_9,65 to 199,Both,180,1987-09-09,2023-06-23,NA,NA,CPRD GOLD 100k
9,2871,921402,NA,1999-01-01,1999-12-31,2522.6611909650924,NA,NA,NA,FALSE,TRUE,1,panc_can_broad,inf,FALSE,years,FALSE,9,0,denominator_cohort_9,65 to 199,Both,180,1987-09-09,2023-06-23,NA,NA,CPRD GOLD 100k
9,3620,1154483,NA,2000-01-01,2000-12-31,3160.80219028063,NA,NA,NA,FALSE,TRUE,1,panc_can_broad,inf,FALSE,years,FALSE,9,0,denominator_cohort_9,65 to 199,Both,180,1987-09-09,2023-06-23,NA,NA,CPRD GOLD 100k
9,4127,1358010,NA,2001-01-01,2001-12-31,3718.028747433265,NA,NA,NA,FALSE,TRUE,1,panc_can_broad,inf,FALSE,years,FALSE,9,0,denominator_cohort_9,65 to 199,Both,180,1987-09-09,2023-06-23,NA,NA,CPRD GOLD 100k
9,4838,1550863,5,2002-01-01,2002-12-31,4246.031485284052,117.75701657722183,38.23538275081378,274.8055948186657,FALSE,FALSE,1,panc_can_broad,inf,FALSE,years,FALSE,9,0,denominator_cohort_9,65 to 199,Both,180,1987-09-09,2023-06-23,NA,NA,CPRD GOLD 100k
9,5447,1773086,NA,2003-01-01,2003-12-31,4854.444900752909,NA,NA,NA,FALSE,TRUE,1,panc_can_broad,inf,FALSE,years,FALSE,9,0,denominator_cohort_9,65 to 199,Both,180,1987-09-09,2023-06-23,NA,NA,CPRD GOLD 100k
9,6125,2034782,NA,2004-01-01,2004-12-31,5570.929500342231,NA,NA,NA,FALSE,TRUE,1,panc_can_broad,inf,FALSE,years,FALSE,9,0,denominator_cohort_9,65 to 199,Both,180,1987-09-09,2023-06-23,NA,NA,CPRD GOLD 100k
9,6347,2169381,NA,2005-01-01,2005-12-31,5939.441478439425,NA,NA,NA,FALSE,TRUE,1,panc_can_broad,inf,FALSE,years,FALSE,9,0,denominator_cohort_9,65 to 199,Both,180,1987-09-09,2023-06-23,NA,NA,CPRD GOLD 100k
9,6455,2217246,5,2006-01-01,2006-12-31,6070.488706365503,82.36569149296018,26.743915830302683,192.21404805658028,FALSE,FALSE,1,panc_can_broad,inf,FALSE,years,FALSE,9,0,denominator_cohort_9,65 to 199,Both,180,1987-09-09,2023-06-23,NA,NA,CPRD GOLD 100k
9,6662,2281696,NA,2007-01-01,2007-12-31,6246.943189596167,NA,NA,NA,FALSE,TRUE,1,panc_can_broad,inf,FALSE,years,FALSE,9,0,denominator_cohort_9,65 to 199,Both,180,1987-09-09,2023-06-23,NA,NA,CPRD GOLD 100k
9,6787,2334441,NA,2008-01-01,2008-12-31,6391.35112936345,NA,NA,NA,FALSE,TRUE,1,panc_can_broad,inf,FALSE,years,FALSE,9,0,denominator_cohort_9,65 to 199,Both,180,1987-09-09,2023-06-23,NA,NA,CPRD GOLD 100k
9,6814,2353290,NA,2009-01-01,2009-12-31,6442.956878850103,NA,NA,NA,FALSE,TRUE,1,panc_can_broad,inf,FALSE,years,FALSE,9,0,denominator_cohort_9,65 to 199,Both,180,1987-09-09,2023-06-23,NA,NA,CPRD GOLD 100k
9,6867,2349989,NA,2010-01-01,2010-12-31,6433.91923340178,NA,NA,NA,FALSE,TRUE,1,panc_can_broad,inf,FALSE,years,FALSE,9,0,denominator_cohort_9,65 to 199,Both,180,1987-09-09,2023-06-23,NA,NA,CPRD GOLD 100k
9,6907,2371176,NA,2011-01-01,2011-12-31,6491.926078028748,NA,NA,NA,FALSE,TRUE,1,panc_can_broad,inf,FALSE,years,FALSE,9,0,denominator_cohort_9,65 to 199,Both,180,1987-09-09,2023-06-23,NA,NA,CPRD GOLD 100k
9,6944,2405389,NA,2012-01-01,2012-12-31,6585.596167008898,NA,NA,NA,FALSE,TRUE,1,panc_can_broad,inf,FALSE,years,FALSE,9,0,denominator_cohort_9,65 to 199,Both,180,1987-09-09,2023-06-23,NA,NA,CPRD GOLD 100k
9,6956,2350654,NA,2013-01-01,2013-12-31,6435.739904175222,NA,NA,NA,FALSE,TRUE,1,panc_can_broad,inf,FALSE,years,FALSE,9,0,denominator_cohort_9,65 to 199,Both,180,1987-09-09,2023-06-23,NA,NA,CPRD GOLD 100k
9,6782,2251245,6,2014-01-01,2014-12-31,6163.572895277207,97.34613513855668,35.72431592685528,211.88155383909572,FALSE,FALSE,1,panc_can_broad,inf,FALSE,years,FALSE,9,0,denominator_cohort_9,65 to 199,Both,180,1987-09-09,2023-06-23,NA,NA,CPRD GOLD 100k
9,6261,2049898,0,2015-01-01,2015-12-31,5612.31485284052,0,0,65.7283055359396,FALSE,FALSE,1,panc_can_broad,inf,FALSE,years,FALSE,9,0,denominator_cohort_9,65 to 199,Both,180,1987-09-09,2023-06-23,NA,NA,CPRD GOLD 100k
9,5353,1747480,NA,2016-01-01,2016-12-31,4784.339493497604,NA,NA,NA,FALSE,TRUE,1,panc_can_broad,inf,FALSE,years,FALSE,9,0,denominator_cohort_9,65 to 199,Both,180,1987-09-09,2023-06-23,NA,NA,CPRD GOLD 100k
9,4756,1591419,5,2017-01-01,2017-12-31,4357.067761806981,114.75607618106861,37.2609855726715,267.8024010001517,FALSE,FALSE,1,panc_can_broad,inf,FALSE,years,FALSE,9,0,denominator_cohort_9,65 to 199,Both,180,1987-09-09,2023-06-23,NA,NA,CPRD GOLD 100k
9,4461,1530627,NA,2018-01-01,2018-12-31,4190.628336755647,NA,NA,NA,FALSE,TRUE,1,panc_can_broad,inf,FALSE,years,FALSE,9,0,denominator_cohort_9,65 to 199,Both,180,1987-09-09,2023-06-23,NA,NA,CPRD GOLD 100k
9,4415,1498551,NA,2019-01-01,2019-12-31,4102.809034907597,NA,NA,NA,FALSE,TRUE,1,panc_can_broad,inf,FALSE,years,FALSE,9,0,denominator_cohort_9,65 to 199,Both,180,1987-09-09,2023-06-23,NA,NA,CPRD GOLD 100k
9,4216,1409131,NA,2020-01-01,2020-12-31,3857.990417522245,NA,NA,NA,FALSE,TRUE,1,panc_can_broad,inf,FALSE,years,FALSE,9,0,denominator_cohort_9,65 to 199,Both,180,1987-09-09,2023-06-23,NA,NA,CPRD GOLD 100k
9,3943,1311497,NA,2021-01-01,2021-12-31,3590.6830937713894,NA,NA,NA,FALSE,TRUE,1,panc_can_broad,inf,FALSE,years,FALSE,9,0,denominator_cohort_9,65 to 199,Both,180,1987-09-09,2023-06-23,NA,NA,CPRD GOLD 100k
9,3712,1246262,0,2022-01-01,2022-12-31,3412.079397672827,0,0,108.11235684110684,FALSE,FALSE,1,panc_can_broad,inf,FALSE,years,FALSE,9,0,denominator_cohort_9,65 to 199,Both,180,1987-09-09,2023-06-23,NA,NA,CPRD GOLD 100k
9,3505,543652,0,2023-01-01,2023-06-23,1488.438056125941,0,0,247.8356045071323,FALSE,FALSE,1,panc_can_broad,inf,FALSE,years,FALSE,9,0,denominator_cohort_9,65 to 199,Both,180,1987-09-09,2023-06-23,NA,NA,CPRD GOLD 100k
