group_name,group_level,strata_name,strata_level,variable_name,variable_level,variable_type,estimate_type,estimate,estimate_suppressed,standard_concept_name,standard_concept_id,source_concept_name,source_concept_id,domain_id,codelist_name,cohort_name,cdm_name
Codelist,Overall,Overall,Overall,Record count,Overall,Numeric,Count,94,FALSE,NA,NA,NA,NA,NA,pancreatic_cancer broad,panc_can_broad,CPRD GOLD 100k
By concept,Standard concept: Malignant tumor of body of pancreas (4092072) Source concept: Malignant neoplasm of body of pancreas (45496409) Domain: condition,Overall,Overall,Record count,Overall,Numeric,Count,NA,TRUE,Malignant tumor of body of pancreas,4092072,Malignant neoplasm of body of pancreas,45496409,condition,pancreatic_cancer broad,panc_can_broad,CPRD GOLD 100k
By concept,Standard concept: Malignant tumor of pancreas (4180793) Source concept: Malignant neoplasm of other specified sites of pancreas (45513088) Domain: condition,Overall,Overall,Record count,Overall,Numeric,Count,NA,TRUE,Malignant tumor of pancreas,4180793,Malignant neoplasm of other specified sites of pancreas,45513088,condition,pancreatic_cancer broad,panc_can_broad,CPRD GOLD 100k
By concept,Standard concept: Carcinoma in situ of pancreas (4245553) Source concept: Carcinoma in situ of pancreas (45483243) Domain: condition,Overall,Overall,Record count,Overall,Numeric,Count,9,FALSE,Carcinoma in situ of pancreas,4245553,Carcinoma in situ of pancreas,45483243,condition,pancreatic_cancer broad,panc_can_broad,CPRD GOLD 100k
By concept,Standard concept: Malignant tumor of head of pancreas (4178967) Source concept: Malignant neoplasm of head of pancreas (45523023) Domain: condition,Overall,Overall,Record count,Overall,Numeric,Count,NA,TRUE,Malignant tumor of head of pancreas,4178967,Malignant neoplasm of head of pancreas,45523023,condition,pancreatic_cancer broad,panc_can_broad,CPRD GOLD 100k
By concept,Standard concept: Malignant tumor of tail of pancreas (4095436) Source concept: Malignant neoplasm of tail of pancreas (45439689) Domain: condition,Overall,Overall,Record count,Overall,Numeric,Count,NA,TRUE,Malignant tumor of tail of pancreas,4095436,Malignant neoplasm of tail of pancreas,45439689,condition,pancreatic_cancer broad,panc_can_broad,CPRD GOLD 100k
By concept,Standard concept: Neoplasm of endocrine pancreas (4130522) Source concept: Endocrine tumour of pancreas (45429813) Domain: condition,Overall,Overall,Record count,Overall,Numeric,Count,NA,TRUE,Neoplasm of endocrine pancreas,4130522,Endocrine tumour of pancreas,45429813,condition,pancreatic_cancer broad,panc_can_broad,CPRD GOLD 100k
By concept,Standard concept: Malignant tumor of pancreas (4180793) Source concept: Malignant neoplasm of pancreas NOS (45499737) Domain: condition,Overall,Overall,Record count,Overall,Numeric,Count,7,FALSE,Malignant tumor of pancreas,4180793,Malignant neoplasm of pancreas NOS,45499737,condition,pancreatic_cancer broad,panc_can_broad,CPRD GOLD 100k
By concept,Standard concept: Malignant tumor of pancreatic duct (4094866) Source concept: Malignant neoplasm of pancreatic duct (45442970) Domain: condition,Overall,Overall,Record count,Overall,Numeric,Count,NA,TRUE,Malignant tumor of pancreatic duct,4094866,Malignant neoplasm of pancreatic duct,45442970,condition,pancreatic_cancer broad,panc_can_broad,CPRD GOLD 100k
By concept,Standard concept: Malignant tumor of pancreas (4180793) Source concept: Malignant neoplasm of pancreas (45503057) Domain: condition,Overall,Overall,Record count,Overall,Numeric,Count,67,FALSE,Malignant tumor of pancreas,4180793,Malignant neoplasm of pancreas,45503057,condition,pancreatic_cancer broad,panc_can_broad,CPRD GOLD 100k
Codelist,Overall,Overall,Overall,Person count,Overall,Numeric,Count,93,FALSE,NA,NA,NA,NA,NA,pancreatic_cancer broad,panc_can_broad,CPRD GOLD 100k
By concept,Standard concept: Malignant tumor of body of pancreas (4092072) Source concept: Malignant neoplasm of body of pancreas (45496409) Domain: condition,Overall,Overall,Person count,Overall,Numeric,Count,NA,TRUE,Malignant tumor of body of pancreas,4092072,Malignant neoplasm of body of pancreas,45496409,condition,pancreatic_cancer broad,panc_can_broad,CPRD GOLD 100k
By concept,Standard concept: Malignant tumor of pancreas (4180793) Source concept: Malignant neoplasm of other specified sites of pancreas (45513088) Domain: condition,Overall,Overall,Person count,Overall,Numeric,Count,NA,TRUE,Malignant tumor of pancreas,4180793,Malignant neoplasm of other specified sites of pancreas,45513088,condition,pancreatic_cancer broad,panc_can_broad,CPRD GOLD 100k
By concept,Standard concept: Carcinoma in situ of pancreas (4245553) Source concept: Carcinoma in situ of pancreas (45483243) Domain: condition,Overall,Overall,Person count,Overall,Numeric,Count,9,FALSE,Carcinoma in situ of pancreas,4245553,Carcinoma in situ of pancreas,45483243,condition,pancreatic_cancer broad,panc_can_broad,CPRD GOLD 100k
By concept,Standard concept: Malignant tumor of head of pancreas (4178967) Source concept: Malignant neoplasm of head of pancreas (45523023) Domain: condition,Overall,Overall,Person count,Overall,Numeric,Count,NA,TRUE,Malignant tumor of head of pancreas,4178967,Malignant neoplasm of head of pancreas,45523023,condition,pancreatic_cancer broad,panc_can_broad,CPRD GOLD 100k
By concept,Standard concept: Malignant tumor of tail of pancreas (4095436) Source concept: Malignant neoplasm of tail of pancreas (45439689) Domain: condition,Overall,Overall,Person count,Overall,Numeric,Count,NA,TRUE,Malignant tumor of tail of pancreas,4095436,Malignant neoplasm of tail of pancreas,45439689,condition,pancreatic_cancer broad,panc_can_broad,CPRD GOLD 100k
By concept,Standard concept: Neoplasm of endocrine pancreas (4130522) Source concept: Endocrine tumour of pancreas (45429813) Domain: condition,Overall,Overall,Person count,Overall,Numeric,Count,NA,TRUE,Neoplasm of endocrine pancreas,4130522,Endocrine tumour of pancreas,45429813,condition,pancreatic_cancer broad,panc_can_broad,CPRD GOLD 100k
By concept,Standard concept: Malignant tumor of pancreas (4180793) Source concept: Malignant neoplasm of pancreas NOS (45499737) Domain: condition,Overall,Overall,Person count,Overall,Numeric,Count,7,FALSE,Malignant tumor of pancreas,4180793,Malignant neoplasm of pancreas NOS,45499737,condition,pancreatic_cancer broad,panc_can_broad,CPRD GOLD 100k
By concept,Standard concept: Malignant tumor of pancreatic duct (4094866) Source concept: Malignant neoplasm of pancreatic duct (45442970) Domain: condition,Overall,Overall,Person count,Overall,Numeric,Count,NA,TRUE,Malignant tumor of pancreatic duct,4094866,Malignant neoplasm of pancreatic duct,45442970,condition,pancreatic_cancer broad,panc_can_broad,CPRD GOLD 100k
By concept,Standard concept: Malignant tumor of pancreas (4180793) Source concept: Malignant neoplasm of pancreas (45503057) Domain: condition,Overall,Overall,Person count,Overall,Numeric,Count,67,FALSE,Malignant tumor of pancreas,4180793,Malignant neoplasm of pancreas,45503057,condition,pancreatic_cancer broad,panc_can_broad,CPRD GOLD 100k
