group_name,group_level,strata_name,strata_level,variable_name,variable_level,variable_type,estimate_type,estimate,estimate_suppressed,standard_concept_name,standard_concept_id,source_concept_name,source_concept_id,domain_id,codelist_name,cohort_name,cdm_name
Codelist,Overall,Overall,Overall,Record count,Overall,Numeric,Count,55,FALSE,NA,NA,NA,NA,NA,systemic_lupus broad,lupus_adult_broad,CPRD GOLD 100k
By concept,Standard concept: SLE glomerulonephritis syndrome (4285717) Source concept: Lupus nephritis (45506820) Domain: condition,Overall,Overall,Record count,Overall,Numeric,Count,NA,TRUE,SLE glomerulonephritis syndrome,4285717,Lupus nephritis,45506820,condition,systemic_lupus broad,lupus_adult_broad,CPRD GOLD 100k
By concept,Standard concept: Systemic lupus erythematosus (257628) Source concept: Disseminated lupus erythematosus (45473834) Domain: condition,Overall,Overall,Record count,Overall,Numeric,Count,NA,TRUE,Systemic lupus erythematosus,257628,Disseminated lupus erythematosus,45473834,condition,systemic_lupus broad,lupus_adult_broad,CPRD GOLD 100k
By concept,Standard concept: Systemic lupus erythematosus (257628) Source concept: Systemic lupus erythematosus (45440346) Domain: condition,Overall,Overall,Record count,Overall,Numeric,Count,40,FALSE,Systemic lupus erythematosus,257628,Systemic lupus erythematosus,45440346,condition,systemic_lupus broad,lupus_adult_broad,CPRD GOLD 100k
By concept,Standard concept: Systemic lupus erythematosus with organ/system involvement (4344158) Source concept: Systemic lupus erythematosus with organ or system involvement (45490460) Domain: condition,Overall,Overall,Record count,Overall,Numeric,Count,NA,TRUE,Systemic lupus erythematosus with organ/system involvement,4344158,Systemic lupus erythematosus with organ or system involvement,45490460,condition,systemic_lupus broad,lupus_adult_broad,CPRD GOLD 100k
By concept,Standard concept: Lupus erythematosus (255891) Source concept: Lupus erythematosus (45443604) Domain: condition,Overall,Overall,Record count,Overall,Numeric,Count,11,FALSE,Lupus erythematosus,255891,Lupus erythematosus,45443604,condition,systemic_lupus broad,lupus_adult_broad,CPRD GOLD 100k
Codelist,Overall,Overall,Overall,Person count,Overall,Numeric,Count,54,FALSE,NA,NA,NA,NA,NA,systemic_lupus broad,lupus_adult_broad,CPRD GOLD 100k
By concept,Standard concept: SLE glomerulonephritis syndrome (4285717) Source concept: Lupus nephritis (45506820) Domain: condition,Overall,Overall,Person count,Overall,Numeric,Count,NA,TRUE,SLE glomerulonephritis syndrome,4285717,Lupus nephritis,45506820,condition,systemic_lupus broad,lupus_adult_broad,CPRD GOLD 100k
By concept,Standard concept: Systemic lupus erythematosus (257628) Source concept: Disseminated lupus erythematosus (45473834) Domain: condition,Overall,Overall,Person count,Overall,Numeric,Count,NA,TRUE,Systemic lupus erythematosus,257628,Disseminated lupus erythematosus,45473834,condition,systemic_lupus broad,lupus_adult_broad,CPRD GOLD 100k
By concept,Standard concept: Systemic lupus erythematosus (257628) Source concept: Systemic lupus erythematosus (45440346) Domain: condition,Overall,Overall,Person count,Overall,Numeric,Count,40,FALSE,Systemic lupus erythematosus,257628,Systemic lupus erythematosus,45440346,condition,systemic_lupus broad,lupus_adult_broad,CPRD GOLD 100k
By concept,Standard concept: Systemic lupus erythematosus with organ/system involvement (4344158) Source concept: Systemic lupus erythematosus with organ or system involvement (45490460) Domain: condition,Overall,Overall,Person count,Overall,Numeric,Count,NA,TRUE,Systemic lupus erythematosus with organ/system involvement,4344158,Systemic lupus erythematosus with organ or system involvement,45490460,condition,systemic_lupus broad,lupus_adult_broad,CPRD GOLD 100k
By concept,Standard concept: Lupus erythematosus (255891) Source concept: Lupus erythematosus (45443604) Domain: condition,Overall,Overall,Person count,Overall,Numeric,Count,11,FALSE,Lupus erythematosus,255891,Lupus erythematosus,45443604,condition,systemic_lupus broad,lupus_adult_broad,CPRD GOLD 100k
Codelist,Overall,Overall,Overall,Record count,Overall,Numeric,Count,45,FALSE,NA,NA,NA,NA,NA,systemic_lupus narrow,lupus_adult_narrow,CPRD GOLD 100k
By concept,Standard concept: SLE glomerulonephritis syndrome (4285717) Source concept: Lupus nephritis (45506820) Domain: condition,Overall,Overall,Record count,Overall,Numeric,Count,NA,TRUE,SLE glomerulonephritis syndrome,4285717,Lupus nephritis,45506820,condition,systemic_lupus narrow,lupus_adult_narrow,CPRD GOLD 100k
By concept,Standard concept: Systemic lupus erythematosus (257628) Source concept: Disseminated lupus erythematosus (45473834) Domain: condition,Overall,Overall,Record count,Overall,Numeric,Count,NA,TRUE,Systemic lupus erythematosus,257628,Disseminated lupus erythematosus,45473834,condition,systemic_lupus narrow,lupus_adult_narrow,CPRD GOLD 100k
By concept,Standard concept: Systemic lupus erythematosus (257628) Source concept: Systemic lupus erythematosus (45440346) Domain: condition,Overall,Overall,Record count,Overall,Numeric,Count,41,FALSE,Systemic lupus erythematosus,257628,Systemic lupus erythematosus,45440346,condition,systemic_lupus narrow,lupus_adult_narrow,CPRD GOLD 100k
By concept,Standard concept: Systemic lupus erythematosus with organ/system involvement (4344158) Source concept: Systemic lupus erythematosus with organ or system involvement (45490460) Domain: condition,Overall,Overall,Record count,Overall,Numeric,Count,NA,TRUE,Systemic lupus erythematosus with organ/system involvement,4344158,Systemic lupus erythematosus with organ or system involvement,45490460,condition,systemic_lupus narrow,lupus_adult_narrow,CPRD GOLD 100k
Codelist,Overall,Overall,Overall,Person count,Overall,Numeric,Count,44,FALSE,NA,NA,NA,NA,NA,systemic_lupus narrow,lupus_adult_narrow,CPRD GOLD 100k
By concept,Standard concept: SLE glomerulonephritis syndrome (4285717) Source concept: Lupus nephritis (45506820) Domain: condition,Overall,Overall,Person count,Overall,Numeric,Count,NA,TRUE,SLE glomerulonephritis syndrome,4285717,Lupus nephritis,45506820,condition,systemic_lupus narrow,lupus_adult_narrow,CPRD GOLD 100k
By concept,Standard concept: Systemic lupus erythematosus (257628) Source concept: Disseminated lupus erythematosus (45473834) Domain: condition,Overall,Overall,Person count,Overall,Numeric,Count,NA,TRUE,Systemic lupus erythematosus,257628,Disseminated lupus erythematosus,45473834,condition,systemic_lupus narrow,lupus_adult_narrow,CPRD GOLD 100k
By concept,Standard concept: Systemic lupus erythematosus (257628) Source concept: Systemic lupus erythematosus (45440346) Domain: condition,Overall,Overall,Person count,Overall,Numeric,Count,41,FALSE,Systemic lupus erythematosus,257628,Systemic lupus erythematosus,45440346,condition,systemic_lupus narrow,lupus_adult_narrow,CPRD GOLD 100k
By concept,Standard concept: Systemic lupus erythematosus with organ/system involvement (4344158) Source concept: Systemic lupus erythematosus with organ or system involvement (45490460) Domain: condition,Overall,Overall,Person count,Overall,Numeric,Count,NA,TRUE,Systemic lupus erythematosus with organ/system involvement,4344158,Systemic lupus erythematosus with organ or system involvement,45490460,condition,systemic_lupus narrow,lupus_adult_narrow,CPRD GOLD 100k
Codelist,Overall,Overall,Overall,Record count,Overall,Numeric,Count,45,FALSE,NA,NA,NA,NA,NA,systemic_lupus prevalent,lupus_adult_prevalent,CPRD GOLD 100k
By concept,Standard concept: SLE glomerulonephritis syndrome (4285717) Source concept: Lupus nephritis (45506820) Domain: condition,Overall,Overall,Record count,Overall,Numeric,Count,NA,TRUE,SLE glomerulonephritis syndrome,4285717,Lupus nephritis,45506820,condition,systemic_lupus prevalent,lupus_adult_prevalent,CPRD GOLD 100k
By concept,Standard concept: Systemic lupus erythematosus (257628) Source concept: Disseminated lupus erythematosus (45473834) Domain: condition,Overall,Overall,Record count,Overall,Numeric,Count,NA,TRUE,Systemic lupus erythematosus,257628,Disseminated lupus erythematosus,45473834,condition,systemic_lupus prevalent,lupus_adult_prevalent,CPRD GOLD 100k
By concept,Standard concept: Systemic lupus erythematosus (257628) Source concept: Systemic lupus erythematosus (45440346) Domain: condition,Overall,Overall,Record count,Overall,Numeric,Count,41,FALSE,Systemic lupus erythematosus,257628,Systemic lupus erythematosus,45440346,condition,systemic_lupus prevalent,lupus_adult_prevalent,CPRD GOLD 100k
By concept,Standard concept: Systemic lupus erythematosus with organ/system involvement (4344158) Source concept: Systemic lupus erythematosus with organ or system involvement (45490460) Domain: condition,Overall,Overall,Record count,Overall,Numeric,Count,NA,TRUE,Systemic lupus erythematosus with organ/system involvement,4344158,Systemic lupus erythematosus with organ or system involvement,45490460,condition,systemic_lupus prevalent,lupus_adult_prevalent,CPRD GOLD 100k
Codelist,Overall,Overall,Overall,Person count,Overall,Numeric,Count,44,FALSE,NA,NA,NA,NA,NA,systemic_lupus prevalent,lupus_adult_prevalent,CPRD GOLD 100k
By concept,Standard concept: SLE glomerulonephritis syndrome (4285717) Source concept: Lupus nephritis (45506820) Domain: condition,Overall,Overall,Person count,Overall,Numeric,Count,NA,TRUE,SLE glomerulonephritis syndrome,4285717,Lupus nephritis,45506820,condition,systemic_lupus prevalent,lupus_adult_prevalent,CPRD GOLD 100k
By concept,Standard concept: Systemic lupus erythematosus (257628) Source concept: Disseminated lupus erythematosus (45473834) Domain: condition,Overall,Overall,Person count,Overall,Numeric,Count,NA,TRUE,Systemic lupus erythematosus,257628,Disseminated lupus erythematosus,45473834,condition,systemic_lupus prevalent,lupus_adult_prevalent,CPRD GOLD 100k
By concept,Standard concept: Systemic lupus erythematosus (257628) Source concept: Systemic lupus erythematosus (45440346) Domain: condition,Overall,Overall,Person count,Overall,Numeric,Count,41,FALSE,Systemic lupus erythematosus,257628,Systemic lupus erythematosus,45440346,condition,systemic_lupus prevalent,lupus_adult_prevalent,CPRD GOLD 100k
By concept,Standard concept: Systemic lupus erythematosus with organ/system involvement (4344158) Source concept: Systemic lupus erythematosus with organ or system involvement (45490460) Domain: condition,Overall,Overall,Person count,Overall,Numeric,Count,NA,TRUE,Systemic lupus erythematosus with organ/system involvement,4344158,Systemic lupus erythematosus with organ or system involvement,45490460,condition,systemic_lupus prevalent,lupus_adult_prevalent,CPRD GOLD 100k
Codelist,Overall,Overall,Overall,Record count,Overall,Numeric,Count,NA,TRUE,NA,NA,NA,NA,NA,systemic_lupus broad,lupus_juvenile_broad,CPRD GOLD 100k
By concept,Standard concept: Systemic lupus erythematosus (257628) Source concept: Systemic lupus erythematosus (45440346) Domain: condition,Overall,Overall,Record count,Overall,Numeric,Count,NA,TRUE,Systemic lupus erythematosus,257628,Systemic lupus erythematosus,45440346,condition,systemic_lupus broad,lupus_juvenile_broad,CPRD GOLD 100k
Codelist,Overall,Overall,Overall,Person count,Overall,Numeric,Count,NA,TRUE,NA,NA,NA,NA,NA,systemic_lupus broad,lupus_juvenile_broad,CPRD GOLD 100k
By concept,Standard concept: Systemic lupus erythematosus (257628) Source concept: Systemic lupus erythematosus (45440346) Domain: condition,Overall,Overall,Person count,Overall,Numeric,Count,NA,TRUE,Systemic lupus erythematosus,257628,Systemic lupus erythematosus,45440346,condition,systemic_lupus broad,lupus_juvenile_broad,CPRD GOLD 100k
Codelist,Overall,Overall,Overall,Record count,Overall,Numeric,Count,NA,TRUE,NA,NA,NA,NA,NA,systemic_lupus narrow,lupus_juvenile_narrow,CPRD GOLD 100k
By concept,Standard concept: Systemic lupus erythematosus (257628) Source concept: Systemic lupus erythematosus (45440346) Domain: condition,Overall,Overall,Record count,Overall,Numeric,Count,NA,TRUE,Systemic lupus erythematosus,257628,Systemic lupus erythematosus,45440346,condition,systemic_lupus narrow,lupus_juvenile_narrow,CPRD GOLD 100k
Codelist,Overall,Overall,Overall,Person count,Overall,Numeric,Count,NA,TRUE,NA,NA,NA,NA,NA,systemic_lupus narrow,lupus_juvenile_narrow,CPRD GOLD 100k
By concept,Standard concept: Systemic lupus erythematosus (257628) Source concept: Systemic lupus erythematosus (45440346) Domain: condition,Overall,Overall,Person count,Overall,Numeric,Count,NA,TRUE,Systemic lupus erythematosus,257628,Systemic lupus erythematosus,45440346,condition,systemic_lupus narrow,lupus_juvenile_narrow,CPRD GOLD 100k
Codelist,Overall,Overall,Overall,Record count,Overall,Numeric,Count,NA,TRUE,NA,NA,NA,NA,NA,systemic_lupus prevalent,lupus_juvenile_prevalent,CPRD GOLD 100k
By concept,Standard concept: Systemic lupus erythematosus (257628) Source concept: Systemic lupus erythematosus (45440346) Domain: condition,Overall,Overall,Record count,Overall,Numeric,Count,NA,TRUE,Systemic lupus erythematosus,257628,Systemic lupus erythematosus,45440346,condition,systemic_lupus prevalent,lupus_juvenile_prevalent,CPRD GOLD 100k
Codelist,Overall,Overall,Overall,Person count,Overall,Numeric,Count,NA,TRUE,NA,NA,NA,NA,NA,systemic_lupus prevalent,lupus_juvenile_prevalent,CPRD GOLD 100k
By concept,Standard concept: Systemic lupus erythematosus (257628) Source concept: Systemic lupus erythematosus (45440346) Domain: condition,Overall,Overall,Person count,Overall,Numeric,Count,NA,TRUE,Systemic lupus erythematosus,257628,Systemic lupus erythematosus,45440346,condition,systemic_lupus prevalent,lupus_juvenile_prevalent,CPRD GOLD 100k
Codelist,Overall,Overall,Overall,Record count,Overall,Numeric,Count,94,FALSE,NA,NA,NA,NA,NA,pancreatic_cancer broad,panc_can_broad,CPRD GOLD 100k
By concept,Standard concept: Malignant tumor of body of pancreas (4092072) Source concept: Malignant neoplasm of body of pancreas (45496409) Domain: condition,Overall,Overall,Record count,Overall,Numeric,Count,NA,TRUE,Malignant tumor of body of pancreas,4092072,Malignant neoplasm of body of pancreas,45496409,condition,pancreatic_cancer broad,panc_can_broad,CPRD GOLD 100k
By concept,Standard concept: Malignant tumor of pancreas (4180793) Source concept: Malignant neoplasm of other specified sites of pancreas (45513088) Domain: condition,Overall,Overall,Record count,Overall,Numeric,Count,NA,TRUE,Malignant tumor of pancreas,4180793,Malignant neoplasm of other specified sites of pancreas,45513088,condition,pancreatic_cancer broad,panc_can_broad,CPRD GOLD 100k
By concept,Standard concept: Carcinoma in situ of pancreas (4245553) Source concept: Carcinoma in situ of pancreas (45483243) Domain: condition,Overall,Overall,Record count,Overall,Numeric,Count,9,FALSE,Carcinoma in situ of pancreas,4245553,Carcinoma in situ of pancreas,45483243,condition,pancreatic_cancer broad,panc_can_broad,CPRD GOLD 100k
By concept,Standard concept: Malignant tumor of head of pancreas (4178967) Source concept: Malignant neoplasm of head of pancreas (45523023) Domain: condition,Overall,Overall,Record count,Overall,Numeric,Count,NA,TRUE,Malignant tumor of head of pancreas,4178967,Malignant neoplasm of head of pancreas,45523023,condition,pancreatic_cancer broad,panc_can_broad,CPRD GOLD 100k
By concept,Standard concept: Malignant tumor of tail of pancreas (4095436) Source concept: Malignant neoplasm of tail of pancreas (45439689) Domain: condition,Overall,Overall,Record count,Overall,Numeric,Count,NA,TRUE,Malignant tumor of tail of pancreas,4095436,Malignant neoplasm of tail of pancreas,45439689,condition,pancreatic_cancer broad,panc_can_broad,CPRD GOLD 100k
By concept,Standard concept: Neoplasm of endocrine pancreas (4130522) Source concept: Endocrine tumour of pancreas (45429813) Domain: condition,Overall,Overall,Record count,Overall,Numeric,Count,NA,TRUE,Neoplasm of endocrine pancreas,4130522,Endocrine tumour of pancreas,45429813,condition,pancreatic_cancer broad,panc_can_broad,CPRD GOLD 100k
By concept,Standard concept: Malignant tumor of pancreas (4180793) Source concept: Malignant neoplasm of pancreas NOS (45499737) Domain: condition,Overall,Overall,Record count,Overall,Numeric,Count,7,FALSE,Malignant tumor of pancreas,4180793,Malignant neoplasm of pancreas NOS,45499737,condition,pancreatic_cancer broad,panc_can_broad,CPRD GOLD 100k
By concept,Standard concept: Malignant tumor of pancreatic duct (4094866) Source concept: Malignant neoplasm of pancreatic duct (45442970) Domain: condition,Overall,Overall,Record count,Overall,Numeric,Count,NA,TRUE,Malignant tumor of pancreatic duct,4094866,Malignant neoplasm of pancreatic duct,45442970,condition,pancreatic_cancer broad,panc_can_broad,CPRD GOLD 100k
By concept,Standard concept: Malignant tumor of pancreas (4180793) Source concept: Malignant neoplasm of pancreas (45503057) Domain: condition,Overall,Overall,Record count,Overall,Numeric,Count,67,FALSE,Malignant tumor of pancreas,4180793,Malignant neoplasm of pancreas,45503057,condition,pancreatic_cancer broad,panc_can_broad,CPRD GOLD 100k
Codelist,Overall,Overall,Overall,Person count,Overall,Numeric,Count,93,FALSE,NA,NA,NA,NA,NA,pancreatic_cancer broad,panc_can_broad,CPRD GOLD 100k
By concept,Standard concept: Malignant tumor of body of pancreas (4092072) Source concept: Malignant neoplasm of body of pancreas (45496409) Domain: condition,Overall,Overall,Person count,Overall,Numeric,Count,NA,TRUE,Malignant tumor of body of pancreas,4092072,Malignant neoplasm of body of pancreas,45496409,condition,pancreatic_cancer broad,panc_can_broad,CPRD GOLD 100k
By concept,Standard concept: Malignant tumor of pancreas (4180793) Source concept: Malignant neoplasm of other specified sites of pancreas (45513088) Domain: condition,Overall,Overall,Person count,Overall,Numeric,Count,NA,TRUE,Malignant tumor of pancreas,4180793,Malignant neoplasm of other specified sites of pancreas,45513088,condition,pancreatic_cancer broad,panc_can_broad,CPRD GOLD 100k
By concept,Standard concept: Carcinoma in situ of pancreas (4245553) Source concept: Carcinoma in situ of pancreas (45483243) Domain: condition,Overall,Overall,Person count,Overall,Numeric,Count,9,FALSE,Carcinoma in situ of pancreas,4245553,Carcinoma in situ of pancreas,45483243,condition,pancreatic_cancer broad,panc_can_broad,CPRD GOLD 100k
By concept,Standard concept: Malignant tumor of head of pancreas (4178967) Source concept: Malignant neoplasm of head of pancreas (45523023) Domain: condition,Overall,Overall,Person count,Overall,Numeric,Count,NA,TRUE,Malignant tumor of head of pancreas,4178967,Malignant neoplasm of head of pancreas,45523023,condition,pancreatic_cancer broad,panc_can_broad,CPRD GOLD 100k
By concept,Standard concept: Malignant tumor of tail of pancreas (4095436) Source concept: Malignant neoplasm of tail of pancreas (45439689) Domain: condition,Overall,Overall,Person count,Overall,Numeric,Count,NA,TRUE,Malignant tumor of tail of pancreas,4095436,Malignant neoplasm of tail of pancreas,45439689,condition,pancreatic_cancer broad,panc_can_broad,CPRD GOLD 100k
By concept,Standard concept: Neoplasm of endocrine pancreas (4130522) Source concept: Endocrine tumour of pancreas (45429813) Domain: condition,Overall,Overall,Person count,Overall,Numeric,Count,NA,TRUE,Neoplasm of endocrine pancreas,4130522,Endocrine tumour of pancreas,45429813,condition,pancreatic_cancer broad,panc_can_broad,CPRD GOLD 100k
By concept,Standard concept: Malignant tumor of pancreas (4180793) Source concept: Malignant neoplasm of pancreas NOS (45499737) Domain: condition,Overall,Overall,Person count,Overall,Numeric,Count,7,FALSE,Malignant tumor of pancreas,4180793,Malignant neoplasm of pancreas NOS,45499737,condition,pancreatic_cancer broad,panc_can_broad,CPRD GOLD 100k
By concept,Standard concept: Malignant tumor of pancreatic duct (4094866) Source concept: Malignant neoplasm of pancreatic duct (45442970) Domain: condition,Overall,Overall,Person count,Overall,Numeric,Count,NA,TRUE,Malignant tumor of pancreatic duct,4094866,Malignant neoplasm of pancreatic duct,45442970,condition,pancreatic_cancer broad,panc_can_broad,CPRD GOLD 100k
By concept,Standard concept: Malignant tumor of pancreas (4180793) Source concept: Malignant neoplasm of pancreas (45503057) Domain: condition,Overall,Overall,Person count,Overall,Numeric,Count,67,FALSE,Malignant tumor of pancreas,4180793,Malignant neoplasm of pancreas,45503057,condition,pancreatic_cancer broad,panc_can_broad,CPRD GOLD 100k
Codelist,Overall,Overall,Overall,Record count,Overall,Numeric,Count,92,FALSE,NA,NA,NA,NA,NA,pancreatic_cancer endocrine,panc_can_endocrine,CPRD GOLD 100k
By concept,Standard concept: Malignant tumor of body of pancreas (4092072) Source concept: Malignant neoplasm of body of pancreas (45496409) Domain: condition,Overall,Overall,Record count,Overall,Numeric,Count,NA,TRUE,Malignant tumor of body of pancreas,4092072,Malignant neoplasm of body of pancreas,45496409,condition,pancreatic_cancer endocrine,panc_can_endocrine,CPRD GOLD 100k
By concept,Standard concept: Malignant tumor of pancreas (4180793) Source concept: Malignant neoplasm of other specified sites of pancreas (45513088) Domain: condition,Overall,Overall,Record count,Overall,Numeric,Count,NA,TRUE,Malignant tumor of pancreas,4180793,Malignant neoplasm of other specified sites of pancreas,45513088,condition,pancreatic_cancer endocrine,panc_can_endocrine,CPRD GOLD 100k
By concept,Standard concept: Carcinoma in situ of pancreas (4245553) Source concept: Carcinoma in situ of pancreas (45483243) Domain: condition,Overall,Overall,Record count,Overall,Numeric,Count,9,FALSE,Carcinoma in situ of pancreas,4245553,Carcinoma in situ of pancreas,45483243,condition,pancreatic_cancer endocrine,panc_can_endocrine,CPRD GOLD 100k
By concept,Standard concept: Malignant tumor of head of pancreas (4178967) Source concept: Malignant neoplasm of head of pancreas (45523023) Domain: condition,Overall,Overall,Record count,Overall,Numeric,Count,NA,TRUE,Malignant tumor of head of pancreas,4178967,Malignant neoplasm of head of pancreas,45523023,condition,pancreatic_cancer endocrine,panc_can_endocrine,CPRD GOLD 100k
By concept,Standard concept: Malignant tumor of tail of pancreas (4095436) Source concept: Malignant neoplasm of tail of pancreas (45439689) Domain: condition,Overall,Overall,Record count,Overall,Numeric,Count,NA,TRUE,Malignant tumor of tail of pancreas,4095436,Malignant neoplasm of tail of pancreas,45439689,condition,pancreatic_cancer endocrine,panc_can_endocrine,CPRD GOLD 100k
By concept,Standard concept: Neoplasm of endocrine pancreas (4130522) Source concept: Endocrine tumour of pancreas (45429813) Domain: condition,Overall,Overall,Record count,Overall,Numeric,Count,NA,TRUE,Neoplasm of endocrine pancreas,4130522,Endocrine tumour of pancreas,45429813,condition,pancreatic_cancer endocrine,panc_can_endocrine,CPRD GOLD 100k
By concept,Standard concept: Malignant tumor of pancreas (4180793) Source concept: Malignant neoplasm of pancreas NOS (45499737) Domain: condition,Overall,Overall,Record count,Overall,Numeric,Count,7,FALSE,Malignant tumor of pancreas,4180793,Malignant neoplasm of pancreas NOS,45499737,condition,pancreatic_cancer endocrine,panc_can_endocrine,CPRD GOLD 100k
By concept,Standard concept: Malignant tumor of pancreas (4180793) Source concept: Malignant neoplasm of pancreas (45503057) Domain: condition,Overall,Overall,Record count,Overall,Numeric,Count,68,FALSE,Malignant tumor of pancreas,4180793,Malignant neoplasm of pancreas,45503057,condition,pancreatic_cancer endocrine,panc_can_endocrine,CPRD GOLD 100k
Codelist,Overall,Overall,Overall,Person count,Overall,Numeric,Count,92,FALSE,NA,NA,NA,NA,NA,pancreatic_cancer endocrine,panc_can_endocrine,CPRD GOLD 100k
By concept,Standard concept: Malignant tumor of body of pancreas (4092072) Source concept: Malignant neoplasm of body of pancreas (45496409) Domain: condition,Overall,Overall,Person count,Overall,Numeric,Count,NA,TRUE,Malignant tumor of body of pancreas,4092072,Malignant neoplasm of body of pancreas,45496409,condition,pancreatic_cancer endocrine,panc_can_endocrine,CPRD GOLD 100k
By concept,Standard concept: Malignant tumor of pancreas (4180793) Source concept: Malignant neoplasm of other specified sites of pancreas (45513088) Domain: condition,Overall,Overall,Person count,Overall,Numeric,Count,NA,TRUE,Malignant tumor of pancreas,4180793,Malignant neoplasm of other specified sites of pancreas,45513088,condition,pancreatic_cancer endocrine,panc_can_endocrine,CPRD GOLD 100k
By concept,Standard concept: Carcinoma in situ of pancreas (4245553) Source concept: Carcinoma in situ of pancreas (45483243) Domain: condition,Overall,Overall,Person count,Overall,Numeric,Count,9,FALSE,Carcinoma in situ of pancreas,4245553,Carcinoma in situ of pancreas,45483243,condition,pancreatic_cancer endocrine,panc_can_endocrine,CPRD GOLD 100k
By concept,Standard concept: Malignant tumor of head of pancreas (4178967) Source concept: Malignant neoplasm of head of pancreas (45523023) Domain: condition,Overall,Overall,Person count,Overall,Numeric,Count,NA,TRUE,Malignant tumor of head of pancreas,4178967,Malignant neoplasm of head of pancreas,45523023,condition,pancreatic_cancer endocrine,panc_can_endocrine,CPRD GOLD 100k
By concept,Standard concept: Malignant tumor of tail of pancreas (4095436) Source concept: Malignant neoplasm of tail of pancreas (45439689) Domain: condition,Overall,Overall,Person count,Overall,Numeric,Count,NA,TRUE,Malignant tumor of tail of pancreas,4095436,Malignant neoplasm of tail of pancreas,45439689,condition,pancreatic_cancer endocrine,panc_can_endocrine,CPRD GOLD 100k
By concept,Standard concept: Neoplasm of endocrine pancreas (4130522) Source concept: Endocrine tumour of pancreas (45429813) Domain: condition,Overall,Overall,Person count,Overall,Numeric,Count,NA,TRUE,Neoplasm of endocrine pancreas,4130522,Endocrine tumour of pancreas,45429813,condition,pancreatic_cancer endocrine,panc_can_endocrine,CPRD GOLD 100k
By concept,Standard concept: Malignant tumor of pancreas (4180793) Source concept: Malignant neoplasm of pancreas NOS (45499737) Domain: condition,Overall,Overall,Person count,Overall,Numeric,Count,7,FALSE,Malignant tumor of pancreas,4180793,Malignant neoplasm of pancreas NOS,45499737,condition,pancreatic_cancer endocrine,panc_can_endocrine,CPRD GOLD 100k
By concept,Standard concept: Malignant tumor of pancreas (4180793) Source concept: Malignant neoplasm of pancreas (45503057) Domain: condition,Overall,Overall,Person count,Overall,Numeric,Count,68,FALSE,Malignant tumor of pancreas,4180793,Malignant neoplasm of pancreas,45503057,condition,pancreatic_cancer endocrine,panc_can_endocrine,CPRD GOLD 100k
Codelist,Overall,Overall,Overall,Record count,Overall,Numeric,Count,93,FALSE,NA,NA,NA,NA,NA,pancreatic_cancer exocrine,panc_can_exocrine,CPRD GOLD 100k
By concept,Standard concept: Malignant tumor of body of pancreas (4092072) Source concept: Malignant neoplasm of body of pancreas (45496409) Domain: condition,Overall,Overall,Record count,Overall,Numeric,Count,NA,TRUE,Malignant tumor of body of pancreas,4092072,Malignant neoplasm of body of pancreas,45496409,condition,pancreatic_cancer exocrine,panc_can_exocrine,CPRD GOLD 100k
By concept,Standard concept: Malignant tumor of pancreas (4180793) Source concept: Malignant neoplasm of other specified sites of pancreas (45513088) Domain: condition,Overall,Overall,Record count,Overall,Numeric,Count,NA,TRUE,Malignant tumor of pancreas,4180793,Malignant neoplasm of other specified sites of pancreas,45513088,condition,pancreatic_cancer exocrine,panc_can_exocrine,CPRD GOLD 100k
By concept,Standard concept: Carcinoma in situ of pancreas (4245553) Source concept: Carcinoma in situ of pancreas (45483243) Domain: condition,Overall,Overall,Record count,Overall,Numeric,Count,9,FALSE,Carcinoma in situ of pancreas,4245553,Carcinoma in situ of pancreas,45483243,condition,pancreatic_cancer exocrine,panc_can_exocrine,CPRD GOLD 100k
By concept,Standard concept: Malignant tumor of head of pancreas (4178967) Source concept: Malignant neoplasm of head of pancreas (45523023) Domain: condition,Overall,Overall,Record count,Overall,Numeric,Count,NA,TRUE,Malignant tumor of head of pancreas,4178967,Malignant neoplasm of head of pancreas,45523023,condition,pancreatic_cancer exocrine,panc_can_exocrine,CPRD GOLD 100k
By concept,Standard concept: Malignant tumor of tail of pancreas (4095436) Source concept: Malignant neoplasm of tail of pancreas (45439689) Domain: condition,Overall,Overall,Record count,Overall,Numeric,Count,NA,TRUE,Malignant tumor of tail of pancreas,4095436,Malignant neoplasm of tail of pancreas,45439689,condition,pancreatic_cancer exocrine,panc_can_exocrine,CPRD GOLD 100k
By concept,Standard concept: Malignant tumor of pancreas (4180793) Source concept: Malignant neoplasm of pancreas NOS (45499737) Domain: condition,Overall,Overall,Record count,Overall,Numeric,Count,7,FALSE,Malignant tumor of pancreas,4180793,Malignant neoplasm of pancreas NOS,45499737,condition,pancreatic_cancer exocrine,panc_can_exocrine,CPRD GOLD 100k
By concept,Standard concept: Malignant tumor of pancreatic duct (4094866) Source concept: Malignant neoplasm of pancreatic duct (45442970) Domain: condition,Overall,Overall,Record count,Overall,Numeric,Count,NA,TRUE,Malignant tumor of pancreatic duct,4094866,Malignant neoplasm of pancreatic duct,45442970,condition,pancreatic_cancer exocrine,panc_can_exocrine,CPRD GOLD 100k
By concept,Standard concept: Malignant tumor of pancreas (4180793) Source concept: Malignant neoplasm of pancreas (45503057) Domain: condition,Overall,Overall,Record count,Overall,Numeric,Count,67,FALSE,Malignant tumor of pancreas,4180793,Malignant neoplasm of pancreas,45503057,condition,pancreatic_cancer exocrine,panc_can_exocrine,CPRD GOLD 100k
Codelist,Overall,Overall,Overall,Person count,Overall,Numeric,Count,92,FALSE,NA,NA,NA,NA,NA,pancreatic_cancer exocrine,panc_can_exocrine,CPRD GOLD 100k
By concept,Standard concept: Malignant tumor of body of pancreas (4092072) Source concept: Malignant neoplasm of body of pancreas (45496409) Domain: condition,Overall,Overall,Person count,Overall,Numeric,Count,NA,TRUE,Malignant tumor of body of pancreas,4092072,Malignant neoplasm of body of pancreas,45496409,condition,pancreatic_cancer exocrine,panc_can_exocrine,CPRD GOLD 100k
By concept,Standard concept: Malignant tumor of pancreas (4180793) Source concept: Malignant neoplasm of other specified sites of pancreas (45513088) Domain: condition,Overall,Overall,Person count,Overall,Numeric,Count,NA,TRUE,Malignant tumor of pancreas,4180793,Malignant neoplasm of other specified sites of pancreas,45513088,condition,pancreatic_cancer exocrine,panc_can_exocrine,CPRD GOLD 100k
By concept,Standard concept: Carcinoma in situ of pancreas (4245553) Source concept: Carcinoma in situ of pancreas (45483243) Domain: condition,Overall,Overall,Person count,Overall,Numeric,Count,9,FALSE,Carcinoma in situ of pancreas,4245553,Carcinoma in situ of pancreas,45483243,condition,pancreatic_cancer exocrine,panc_can_exocrine,CPRD GOLD 100k
By concept,Standard concept: Malignant tumor of head of pancreas (4178967) Source concept: Malignant neoplasm of head of pancreas (45523023) Domain: condition,Overall,Overall,Person count,Overall,Numeric,Count,NA,TRUE,Malignant tumor of head of pancreas,4178967,Malignant neoplasm of head of pancreas,45523023,condition,pancreatic_cancer exocrine,panc_can_exocrine,CPRD GOLD 100k
By concept,Standard concept: Malignant tumor of tail of pancreas (4095436) Source concept: Malignant neoplasm of tail of pancreas (45439689) Domain: condition,Overall,Overall,Person count,Overall,Numeric,Count,NA,TRUE,Malignant tumor of tail of pancreas,4095436,Malignant neoplasm of tail of pancreas,45439689,condition,pancreatic_cancer exocrine,panc_can_exocrine,CPRD GOLD 100k
By concept,Standard concept: Malignant tumor of pancreas (4180793) Source concept: Malignant neoplasm of pancreas NOS (45499737) Domain: condition,Overall,Overall,Person count,Overall,Numeric,Count,7,FALSE,Malignant tumor of pancreas,4180793,Malignant neoplasm of pancreas NOS,45499737,condition,pancreatic_cancer exocrine,panc_can_exocrine,CPRD GOLD 100k
By concept,Standard concept: Malignant tumor of pancreatic duct (4094866) Source concept: Malignant neoplasm of pancreatic duct (45442970) Domain: condition,Overall,Overall,Person count,Overall,Numeric,Count,NA,TRUE,Malignant tumor of pancreatic duct,4094866,Malignant neoplasm of pancreatic duct,45442970,condition,pancreatic_cancer exocrine,panc_can_exocrine,CPRD GOLD 100k
By concept,Standard concept: Malignant tumor of pancreas (4180793) Source concept: Malignant neoplasm of pancreas (45503057) Domain: condition,Overall,Overall,Person count,Overall,Numeric,Count,67,FALSE,Malignant tumor of pancreas,4180793,Malignant neoplasm of pancreas,45503057,condition,pancreatic_cancer exocrine,panc_can_exocrine,CPRD GOLD 100k
Codelist,Overall,Overall,Overall,Record count,Overall,Numeric,Count,86,FALSE,NA,NA,NA,NA,NA,pancreatic_cancer narrow,panc_can_narrow,CPRD GOLD 100k
By concept,Standard concept: Malignant tumor of body of pancreas (4092072) Source concept: Malignant neoplasm of body of pancreas (45496409) Domain: condition,Overall,Overall,Record count,Overall,Numeric,Count,NA,TRUE,Malignant tumor of body of pancreas,4092072,Malignant neoplasm of body of pancreas,45496409,condition,pancreatic_cancer narrow,panc_can_narrow,CPRD GOLD 100k
By concept,Standard concept: Malignant tumor of pancreas (4180793) Source concept: Malignant neoplasm of other specified sites of pancreas (45513088) Domain: condition,Overall,Overall,Record count,Overall,Numeric,Count,NA,TRUE,Malignant tumor of pancreas,4180793,Malignant neoplasm of other specified sites of pancreas,45513088,condition,pancreatic_cancer narrow,panc_can_narrow,CPRD GOLD 100k
By concept,Standard concept: Malignant tumor of head of pancreas (4178967) Source concept: Malignant neoplasm of head of pancreas (45523023) Domain: condition,Overall,Overall,Record count,Overall,Numeric,Count,NA,TRUE,Malignant tumor of head of pancreas,4178967,Malignant neoplasm of head of pancreas,45523023,condition,pancreatic_cancer narrow,panc_can_narrow,CPRD GOLD 100k
By concept,Standard concept: Malignant tumor of tail of pancreas (4095436) Source concept: Malignant neoplasm of tail of pancreas (45439689) Domain: condition,Overall,Overall,Record count,Overall,Numeric,Count,NA,TRUE,Malignant tumor of tail of pancreas,4095436,Malignant neoplasm of tail of pancreas,45439689,condition,pancreatic_cancer narrow,panc_can_narrow,CPRD GOLD 100k
By concept,Standard concept: Neoplasm of endocrine pancreas (4130522) Source concept: Endocrine tumour of pancreas (45429813) Domain: condition,Overall,Overall,Record count,Overall,Numeric,Count,NA,TRUE,Neoplasm of endocrine pancreas,4130522,Endocrine tumour of pancreas,45429813,condition,pancreatic_cancer narrow,panc_can_narrow,CPRD GOLD 100k
By concept,Standard concept: Malignant tumor of pancreas (4180793) Source concept: Malignant neoplasm of pancreas NOS (45499737) Domain: condition,Overall,Overall,Record count,Overall,Numeric,Count,7,FALSE,Malignant tumor of pancreas,4180793,Malignant neoplasm of pancreas NOS,45499737,condition,pancreatic_cancer narrow,panc_can_narrow,CPRD GOLD 100k
By concept,Standard concept: Malignant tumor of pancreatic duct (4094866) Source concept: Malignant neoplasm of pancreatic duct (45442970) Domain: condition,Overall,Overall,Record count,Overall,Numeric,Count,NA,TRUE,Malignant tumor of pancreatic duct,4094866,Malignant neoplasm of pancreatic duct,45442970,condition,pancreatic_cancer narrow,panc_can_narrow,CPRD GOLD 100k
By concept,Standard concept: Malignant tumor of pancreas (4180793) Source concept: Malignant neoplasm of pancreas (45503057) Domain: condition,Overall,Overall,Record count,Overall,Numeric,Count,68,FALSE,Malignant tumor of pancreas,4180793,Malignant neoplasm of pancreas,45503057,condition,pancreatic_cancer narrow,panc_can_narrow,CPRD GOLD 100k
Codelist,Overall,Overall,Overall,Person count,Overall,Numeric,Count,85,FALSE,NA,NA,NA,NA,NA,pancreatic_cancer narrow,panc_can_narrow,CPRD GOLD 100k
By concept,Standard concept: Malignant tumor of body of pancreas (4092072) Source concept: Malignant neoplasm of body of pancreas (45496409) Domain: condition,Overall,Overall,Person count,Overall,Numeric,Count,NA,TRUE,Malignant tumor of body of pancreas,4092072,Malignant neoplasm of body of pancreas,45496409,condition,pancreatic_cancer narrow,panc_can_narrow,CPRD GOLD 100k
By concept,Standard concept: Malignant tumor of pancreas (4180793) Source concept: Malignant neoplasm of other specified sites of pancreas (45513088) Domain: condition,Overall,Overall,Person count,Overall,Numeric,Count,NA,TRUE,Malignant tumor of pancreas,4180793,Malignant neoplasm of other specified sites of pancreas,45513088,condition,pancreatic_cancer narrow,panc_can_narrow,CPRD GOLD 100k
By concept,Standard concept: Malignant tumor of head of pancreas (4178967) Source concept: Malignant neoplasm of head of pancreas (45523023) Domain: condition,Overall,Overall,Person count,Overall,Numeric,Count,NA,TRUE,Malignant tumor of head of pancreas,4178967,Malignant neoplasm of head of pancreas,45523023,condition,pancreatic_cancer narrow,panc_can_narrow,CPRD GOLD 100k
By concept,Standard concept: Malignant tumor of tail of pancreas (4095436) Source concept: Malignant neoplasm of tail of pancreas (45439689) Domain: condition,Overall,Overall,Person count,Overall,Numeric,Count,NA,TRUE,Malignant tumor of tail of pancreas,4095436,Malignant neoplasm of tail of pancreas,45439689,condition,pancreatic_cancer narrow,panc_can_narrow,CPRD GOLD 100k
By concept,Standard concept: Neoplasm of endocrine pancreas (4130522) Source concept: Endocrine tumour of pancreas (45429813) Domain: condition,Overall,Overall,Person count,Overall,Numeric,Count,NA,TRUE,Neoplasm of endocrine pancreas,4130522,Endocrine tumour of pancreas,45429813,condition,pancreatic_cancer narrow,panc_can_narrow,CPRD GOLD 100k
By concept,Standard concept: Malignant tumor of pancreas (4180793) Source concept: Malignant neoplasm of pancreas NOS (45499737) Domain: condition,Overall,Overall,Person count,Overall,Numeric,Count,7,FALSE,Malignant tumor of pancreas,4180793,Malignant neoplasm of pancreas NOS,45499737,condition,pancreatic_cancer narrow,panc_can_narrow,CPRD GOLD 100k
By concept,Standard concept: Malignant tumor of pancreatic duct (4094866) Source concept: Malignant neoplasm of pancreatic duct (45442970) Domain: condition,Overall,Overall,Person count,Overall,Numeric,Count,NA,TRUE,Malignant tumor of pancreatic duct,4094866,Malignant neoplasm of pancreatic duct,45442970,condition,pancreatic_cancer narrow,panc_can_narrow,CPRD GOLD 100k
By concept,Standard concept: Malignant tumor of pancreas (4180793) Source concept: Malignant neoplasm of pancreas (45503057) Domain: condition,Overall,Overall,Person count,Overall,Numeric,Count,68,FALSE,Malignant tumor of pancreas,4180793,Malignant neoplasm of pancreas,45503057,condition,pancreatic_cancer narrow,panc_can_narrow,CPRD GOLD 100k
Codelist,Overall,Overall,Overall,Record count,Overall,Numeric,Count,NA,TRUE,NA,NA,NA,NA,NA,pancreatic_cancer narrowendocrine,panc_can_narrowendocrine,CPRD GOLD 100k
By concept,Standard concept: Neoplasm of endocrine pancreas (4130522) Source concept: Endocrine tumour of pancreas (45429813) Domain: condition,Overall,Overall,Record count,Overall,Numeric,Count,NA,TRUE,Neoplasm of endocrine pancreas,4130522,Endocrine tumour of pancreas,45429813,condition,pancreatic_cancer narrowendocrine,panc_can_narrowendocrine,CPRD GOLD 100k
Codelist,Overall,Overall,Overall,Person count,Overall,Numeric,Count,NA,TRUE,NA,NA,NA,NA,NA,pancreatic_cancer narrowendocrine,panc_can_narrowendocrine,CPRD GOLD 100k
By concept,Standard concept: Neoplasm of endocrine pancreas (4130522) Source concept: Endocrine tumour of pancreas (45429813) Domain: condition,Overall,Overall,Person count,Overall,Numeric,Count,NA,TRUE,Neoplasm of endocrine pancreas,4130522,Endocrine tumour of pancreas,45429813,condition,pancreatic_cancer narrowendocrine,panc_can_narrowendocrine,CPRD GOLD 100k
