analysis_id,prevalence_start_date,prevalence_end_date,n_cases,n_population,prevalence,prevalence_95CI_lower,prevalence_95CI_upper,population_obscured,cases_obscured,result_obscured,outcome_cohort_id,outcome_cohort_name,analysis_type,analysis_interval,analysis_complete_database_intervals,analysis_time_point,analysis_full_contribution,analysis_min_cell_count,denominator_cohort_id,denominator_cohort_name,denominator_age_group,denominator_sex,denominator_days_prior_observation,denominator_start_date,denominator_end_date,denominator_target_cohort_definition_id,denominator_target_cohort_name,cdm_name
1,1989-01-01,1989-12-31,0,134,0,0,0.02786867502389931,FALSE,FALSE,FALSE,1,panc_can_broad,period,years,TRUE,start,FALSE,5,1,denominator_cohort_1,0 to 17,Male,180,1987-09-09,2023-06-23,NA,NA,CPRD GOLD 100k
1,1990-01-01,1990-12-31,0,421,0,0,0.009042099684332892,FALSE,FALSE,FALSE,1,panc_can_broad,period,years,TRUE,start,FALSE,5,1,denominator_cohort_1,0 to 17,Male,180,1987-09-09,2023-06-23,NA,NA,CPRD GOLD 100k
1,1991-01-01,1991-12-31,0,606,0,4.336808689942018e-19,0.006299110637906943,FALSE,FALSE,FALSE,1,panc_can_broad,period,years,TRUE,start,FALSE,5,1,denominator_cohort_1,0 to 17,Male,180,1987-09-09,2023-06-23,NA,NA,CPRD GOLD 100k
1,1992-01-01,1992-12-31,0,732,0,0,0.005220497941024807,FALSE,FALSE,FALSE,1,panc_can_broad,period,years,TRUE,start,FALSE,5,1,denominator_cohort_1,0 to 17,Male,180,1987-09-09,2023-06-23,NA,NA,CPRD GOLD 100k
1,1993-01-01,1993-12-31,0,846,0,0,0.004520206423001332,FALSE,FALSE,FALSE,1,panc_can_broad,period,years,TRUE,start,FALSE,5,1,denominator_cohort_1,0 to 17,Male,180,1987-09-09,2023-06-23,NA,NA,CPRD GOLD 100k
1,1994-01-01,1994-12-31,0,908,0,0,0.00421285825900302,FALSE,FALSE,FALSE,1,panc_can_broad,period,years,TRUE,start,FALSE,5,1,denominator_cohort_1,0 to 17,Male,180,1987-09-09,2023-06-23,NA,NA,CPRD GOLD 100k
1,1995-01-01,1995-12-31,0,1016,0,2.168404344971009e-19,0.003766721569778346,FALSE,FALSE,FALSE,1,panc_can_broad,period,years,TRUE,start,FALSE,5,1,denominator_cohort_1,0 to 17,Male,180,1987-09-09,2023-06-23,NA,NA,CPRD GOLD 100k
1,1996-01-01,1996-12-31,0,1127,0,-2.168404344971009e-19,0.0033969914975528186,FALSE,FALSE,FALSE,1,panc_can_broad,period,years,TRUE,start,FALSE,5,1,denominator_cohort_1,0 to 17,Male,180,1987-09-09,2023-06-23,NA,NA,CPRD GOLD 100k
1,1997-01-01,1997-12-31,0,1350,0,-2.168404344971009e-19,0.0028374510144196256,FALSE,FALSE,FALSE,1,panc_can_broad,period,years,TRUE,start,FALSE,5,1,denominator_cohort_1,0 to 17,Male,180,1987-09-09,2023-06-23,NA,NA,CPRD GOLD 100k
1,1998-01-01,1998-12-31,0,1554,0,-2.168404344971009e-19,0.0024658856001959,FALSE,FALSE,FALSE,1,panc_can_broad,period,years,TRUE,start,FALSE,5,1,denominator_cohort_1,0 to 17,Male,180,1987-09-09,2023-06-23,NA,NA,CPRD GOLD 100k
1,1999-01-01,1999-12-31,0,1832,0,0,0.002092478521081987,FALSE,FALSE,FALSE,1,panc_can_broad,period,years,TRUE,start,FALSE,5,1,denominator_cohort_1,0 to 17,Male,180,1987-09-09,2023-06-23,NA,NA,CPRD GOLD 100k
1,2000-01-01,2000-12-31,0,2329,0,-1.0842021724855044e-19,0.0016466866216601236,FALSE,FALSE,FALSE,1,panc_can_broad,period,years,TRUE,start,FALSE,5,1,denominator_cohort_1,0 to 17,Male,180,1987-09-09,2023-06-23,NA,NA,CPRD GOLD 100k
1,2001-01-01,2001-12-31,0,2640,0,0,0.001452983804258685,FALSE,FALSE,FALSE,1,panc_can_broad,period,years,TRUE,start,FALSE,5,1,denominator_cohort_1,0 to 17,Male,180,1987-09-09,2023-06-23,NA,NA,CPRD GOLD 100k
1,2002-01-01,2002-12-31,0,3101,0,1.0842021724855044e-19,0.001237247979210255,FALSE,FALSE,FALSE,1,panc_can_broad,period,years,TRUE,start,FALSE,5,1,denominator_cohort_1,0 to 17,Male,180,1987-09-09,2023-06-23,NA,NA,CPRD GOLD 100k
1,2003-01-01,2003-12-31,0,3548,0,0,0.0010815400589331457,FALSE,FALSE,FALSE,1,panc_can_broad,period,years,TRUE,start,FALSE,5,1,denominator_cohort_1,0 to 17,Male,180,1987-09-09,2023-06-23,NA,NA,CPRD GOLD 100k
1,2004-01-01,2004-12-31,0,3939,0,0,9.742869097869093e-4,FALSE,FALSE,FALSE,1,panc_can_broad,period,years,TRUE,start,FALSE,5,1,denominator_cohort_1,0 to 17,Male,180,1987-09-09,2023-06-23,NA,NA,CPRD GOLD 100k
1,2005-01-01,2005-12-31,0,4074,0,5.421010862427522e-20,9.420324108934503e-4,FALSE,FALSE,FALSE,1,panc_can_broad,period,years,TRUE,start,FALSE,5,1,denominator_cohort_1,0 to 17,Male,180,1987-09-09,2023-06-23,NA,NA,CPRD GOLD 100k
1,2006-01-01,2006-12-31,0,4139,0,0,9.27252191250311e-4,FALSE,FALSE,FALSE,1,panc_can_broad,period,years,TRUE,start,FALSE,5,1,denominator_cohort_1,0 to 17,Male,180,1987-09-09,2023-06-23,NA,NA,CPRD GOLD 100k
1,2007-01-01,2007-12-31,0,4183,0,-5.421010862427522e-20,9.175075909791306e-4,FALSE,FALSE,FALSE,1,panc_can_broad,period,years,TRUE,start,FALSE,5,1,denominator_cohort_1,0 to 17,Male,180,1987-09-09,2023-06-23,NA,NA,CPRD GOLD 100k
1,2008-01-01,2008-12-31,0,4191,0,0,9.157578083473224e-4,FALSE,FALSE,FALSE,1,panc_can_broad,period,years,TRUE,start,FALSE,5,1,denominator_cohort_1,0 to 17,Male,180,1987-09-09,2023-06-23,NA,NA,CPRD GOLD 100k
1,2009-01-01,2009-12-31,0,4197,0,-5.421010862427522e-20,9.144498449538106e-4,FALSE,FALSE,FALSE,1,panc_can_broad,period,years,TRUE,start,FALSE,5,1,denominator_cohort_1,0 to 17,Male,180,1987-09-09,2023-06-23,NA,NA,CPRD GOLD 100k
1,2010-01-01,2010-12-31,0,4165,0,-5.421010862427522e-20,9.214691560328172e-4,FALSE,FALSE,FALSE,1,panc_can_broad,period,years,TRUE,start,FALSE,5,1,denominator_cohort_1,0 to 17,Male,180,1987-09-09,2023-06-23,NA,NA,CPRD GOLD 100k
1,2011-01-01,2011-12-31,0,4075,0,0,9.418014550153159e-4,FALSE,FALSE,FALSE,1,panc_can_broad,period,years,TRUE,start,FALSE,5,1,denominator_cohort_1,0 to 17,Male,180,1987-09-09,2023-06-23,NA,NA,CPRD GOLD 100k
1,2012-01-01,2012-12-31,0,4005,0,0,9.582466306423076e-4,FALSE,FALSE,FALSE,1,panc_can_broad,period,years,TRUE,start,FALSE,5,1,denominator_cohort_1,0 to 17,Male,180,1987-09-09,2023-06-23,NA,NA,CPRD GOLD 100k
1,2013-01-01,2013-12-31,0,3954,0,-5.421010862427522e-20,9.705944163409595e-4,FALSE,FALSE,FALSE,1,panc_can_broad,period,years,TRUE,start,FALSE,5,1,denominator_cohort_1,0 to 17,Male,180,1987-09-09,2023-06-23,NA,NA,CPRD GOLD 100k
1,2014-01-01,2014-12-31,0,3759,0,0,0.001020893083786227,FALSE,FALSE,FALSE,1,panc_can_broad,period,years,TRUE,start,FALSE,5,1,denominator_cohort_1,0 to 17,Male,180,1987-09-09,2023-06-23,NA,NA,CPRD GOLD 100k
1,2015-01-01,2015-12-31,0,3484,0,-1.0842021724855044e-19,0.0011013857327084454,FALSE,FALSE,FALSE,1,panc_can_broad,period,years,TRUE,start,FALSE,5,1,denominator_cohort_1,0 to 17,Male,180,1987-09-09,2023-06-23,NA,NA,CPRD GOLD 100k
1,2016-01-01,2016-12-31,0,2923,0,-1.0842021724855044e-19,0.0013124929637432273,FALSE,FALSE,FALSE,1,panc_can_broad,period,years,TRUE,start,FALSE,5,1,denominator_cohort_1,0 to 17,Male,180,1987-09-09,2023-06-23,NA,NA,CPRD GOLD 100k
1,2017-01-01,2017-12-31,0,2673,0,0,0.0014350714750161228,FALSE,FALSE,FALSE,1,panc_can_broad,period,years,TRUE,start,FALSE,5,1,denominator_cohort_1,0 to 17,Male,180,1987-09-09,2023-06-23,NA,NA,CPRD GOLD 100k
1,2018-01-01,2018-12-31,0,2485,0,2.168404344971009e-19,0.00154347268970453,FALSE,FALSE,FALSE,1,panc_can_broad,period,years,TRUE,start,FALSE,5,1,denominator_cohort_1,0 to 17,Male,180,1987-09-09,2023-06-23,NA,NA,CPRD GOLD 100k
1,2019-01-01,2019-12-31,0,2374,0,1.0842021724855044e-19,0.0016155235272074528,FALSE,FALSE,FALSE,1,panc_can_broad,period,years,TRUE,start,FALSE,5,1,denominator_cohort_1,0 to 17,Male,180,1987-09-09,2023-06-23,NA,NA,CPRD GOLD 100k
1,2020-01-01,2020-12-31,0,2184,0,0,0.0017558213851403904,FALSE,FALSE,FALSE,1,panc_can_broad,period,years,TRUE,start,FALSE,5,1,denominator_cohort_1,0 to 17,Male,180,1987-09-09,2023-06-23,NA,NA,CPRD GOLD 100k
1,2021-01-01,2021-12-31,0,1948,0,0,0.001968120311890055,FALSE,FALSE,FALSE,1,panc_can_broad,period,years,TRUE,start,FALSE,5,1,denominator_cohort_1,0 to 17,Male,180,1987-09-09,2023-06-23,NA,NA,CPRD GOLD 100k
1,2022-01-01,2022-12-31,0,1764,0,-2.168404344971009e-19,0.002172965681694509,FALSE,FALSE,FALSE,1,panc_can_broad,period,years,TRUE,start,FALSE,5,1,denominator_cohort_1,0 to 17,Male,180,1987-09-09,2023-06-23,NA,NA,CPRD GOLD 100k
2,1989-01-01,1989-12-31,0,114,0,3.469446951953614e-18,0.032598534158841605,FALSE,FALSE,FALSE,1,panc_can_broad,period,years,TRUE,start,FALSE,5,2,denominator_cohort_2,0 to 17,Female,180,1987-09-09,2023-06-23,NA,NA,CPRD GOLD 100k
2,1990-01-01,1990-12-31,0,405,0,0,0.0093959620234573,FALSE,FALSE,FALSE,1,panc_can_broad,period,years,TRUE,start,FALSE,5,2,denominator_cohort_2,0 to 17,Female,180,1987-09-09,2023-06-23,NA,NA,CPRD GOLD 100k
2,1991-01-01,1991-12-31,0,567,0,0,0.00672946710743509,FALSE,FALSE,FALSE,1,panc_can_broad,period,years,TRUE,start,FALSE,5,2,denominator_cohort_2,0 to 17,Female,180,1987-09-09,2023-06-23,NA,NA,CPRD GOLD 100k
2,1992-01-01,1992-12-31,0,644,0,0,0.0059296279489228255,FALSE,FALSE,FALSE,1,panc_can_broad,period,years,TRUE,start,FALSE,5,2,denominator_cohort_2,0 to 17,Female,180,1987-09-09,2023-06-23,NA,NA,CPRD GOLD 100k
2,1993-01-01,1993-12-31,0,803,0,0,0.004761107375802088,FALSE,FALSE,FALSE,1,panc_can_broad,period,years,TRUE,start,FALSE,5,2,denominator_cohort_2,0 to 17,Female,180,1987-09-09,2023-06-23,NA,NA,CPRD GOLD 100k
2,1994-01-01,1994-12-31,0,862,0,0,0.004436676924579614,FALSE,FALSE,FALSE,1,panc_can_broad,period,years,TRUE,start,FALSE,5,2,denominator_cohort_2,0 to 17,Female,180,1987-09-09,2023-06-23,NA,NA,CPRD GOLD 100k
2,1995-01-01,1995-12-31,0,946,0,0,0.004044315801358691,FALSE,FALSE,FALSE,1,panc_can_broad,period,years,TRUE,start,FALSE,5,2,denominator_cohort_2,0 to 17,Female,180,1987-09-09,2023-06-23,NA,NA,CPRD GOLD 100k
2,1996-01-01,1996-12-31,0,1109,0,-2.168404344971009e-19,0.0034519371921720226,FALSE,FALSE,FALSE,1,panc_can_broad,period,years,TRUE,start,FALSE,5,2,denominator_cohort_2,0 to 17,Female,180,1987-09-09,2023-06-23,NA,NA,CPRD GOLD 100k
2,1997-01-01,1997-12-31,0,1305,0,2.168404344971009e-19,0.0029350069825534062,FALSE,FALSE,FALSE,1,panc_can_broad,period,years,TRUE,start,FALSE,5,2,denominator_cohort_2,0 to 17,Female,180,1987-09-09,2023-06-23,NA,NA,CPRD GOLD 100k
2,1998-01-01,1998-12-31,0,1483,0,0,0.0025836371442998518,FALSE,FALSE,FALSE,1,panc_can_broad,period,years,TRUE,start,FALSE,5,2,denominator_cohort_2,0 to 17,Female,180,1987-09-09,2023-06-23,NA,NA,CPRD GOLD 100k
2,1999-01-01,1999-12-31,0,1801,0,2.168404344971009e-19,0.0021284189821327466,FALSE,FALSE,FALSE,1,panc_can_broad,period,years,TRUE,start,FALSE,5,2,denominator_cohort_2,0 to 17,Female,180,1987-09-09,2023-06-23,NA,NA,CPRD GOLD 100k
2,2000-01-01,2000-12-31,0,2288,0,0,0.001676145095425061,FALSE,FALSE,FALSE,1,panc_can_broad,period,years,TRUE,start,FALSE,5,2,denominator_cohort_2,0 to 17,Female,180,1987-09-09,2023-06-23,NA,NA,CPRD GOLD 100k
2,2001-01-01,2001-12-31,0,2592,0,0,0.0014798510932325275,FALSE,FALSE,FALSE,1,panc_can_broad,period,years,TRUE,start,FALSE,5,2,denominator_cohort_2,0 to 17,Female,180,1987-09-09,2023-06-23,NA,NA,CPRD GOLD 100k
2,2002-01-01,2002-12-31,0,3017,0,1.0842021724855044e-19,0.0012716519132367145,FALSE,FALSE,FALSE,1,panc_can_broad,period,years,TRUE,start,FALSE,5,2,denominator_cohort_2,0 to 17,Female,180,1987-09-09,2023-06-23,NA,NA,CPRD GOLD 100k
2,2003-01-01,2003-12-31,0,3415,0,0,0.0011236142029292016,FALSE,FALSE,FALSE,1,panc_can_broad,period,years,TRUE,start,FALSE,5,2,denominator_cohort_2,0 to 17,Female,180,1987-09-09,2023-06-23,NA,NA,CPRD GOLD 100k
2,2004-01-01,2004-12-31,0,3763,0,0,0.0010198089998448702,FALSE,FALSE,FALSE,1,panc_can_broad,period,years,TRUE,start,FALSE,5,2,denominator_cohort_2,0 to 17,Female,180,1987-09-09,2023-06-23,NA,NA,CPRD GOLD 100k
2,2005-01-01,2005-12-31,0,3885,0,0,9.87815744450292e-4,FALSE,FALSE,FALSE,1,panc_can_broad,period,years,TRUE,start,FALSE,5,2,denominator_cohort_2,0 to 17,Female,180,1987-09-09,2023-06-23,NA,NA,CPRD GOLD 100k
2,2006-01-01,2006-12-31,0,3934,0,5.421010862427522e-20,9.755239922342035e-4,FALSE,FALSE,FALSE,1,panc_can_broad,period,years,TRUE,start,FALSE,5,2,denominator_cohort_2,0 to 17,Female,180,1987-09-09,2023-06-23,NA,NA,CPRD GOLD 100k
2,2007-01-01,2007-12-31,0,3957,0,0,9.69859273750857e-4,FALSE,FALSE,FALSE,1,panc_can_broad,period,years,TRUE,start,FALSE,5,2,denominator_cohort_2,0 to 17,Female,180,1987-09-09,2023-06-23,NA,NA,CPRD GOLD 100k
2,2008-01-01,2008-12-31,0,3940,0,0,9.740398697068351e-4,FALSE,FALSE,FALSE,1,panc_can_broad,period,years,TRUE,start,FALSE,5,2,denominator_cohort_2,0 to 17,Female,180,1987-09-09,2023-06-23,NA,NA,CPRD GOLD 100k
2,2009-01-01,2009-12-31,0,3943,0,0,9.73299500568726e-4,FALSE,FALSE,FALSE,1,panc_can_broad,period,years,TRUE,start,FALSE,5,2,denominator_cohort_2,0 to 17,Female,180,1987-09-09,2023-06-23,NA,NA,CPRD GOLD 100k
2,2010-01-01,2010-12-31,0,3926,0,0,9.77509871822388e-4,FALSE,FALSE,FALSE,1,panc_can_broad,period,years,TRUE,start,FALSE,5,2,denominator_cohort_2,0 to 17,Female,180,1987-09-09,2023-06-23,NA,NA,CPRD GOLD 100k
2,2011-01-01,2011-12-31,0,3872,0,0,9.911289874748818e-4,FALSE,FALSE,FALSE,1,panc_can_broad,period,years,TRUE,start,FALSE,5,2,denominator_cohort_2,0 to 17,Female,180,1987-09-09,2023-06-23,NA,NA,CPRD GOLD 100k
2,2012-01-01,2012-12-31,0,3850,0,0,9.967869362922988e-4,FALSE,FALSE,FALSE,1,panc_can_broad,period,years,TRUE,start,FALSE,5,2,denominator_cohort_2,0 to 17,Female,180,1987-09-09,2023-06-23,NA,NA,CPRD GOLD 100k
2,2013-01-01,2013-12-31,0,3769,0,0,0.0010181871840156459,FALSE,FALSE,FALSE,1,panc_can_broad,period,years,TRUE,start,FALSE,5,2,denominator_cohort_2,0 to 17,Female,180,1987-09-09,2023-06-23,NA,NA,CPRD GOLD 100k
2,2014-01-01,2014-12-31,0,3543,0,2.168404344971009e-19,0.0010830647113196279,FALSE,FALSE,FALSE,1,panc_can_broad,period,years,TRUE,start,FALSE,5,2,denominator_cohort_2,0 to 17,Female,180,1987-09-09,2023-06-23,NA,NA,CPRD GOLD 100k
2,2015-01-01,2015-12-31,0,3240,0,0,0.001184231371804063,FALSE,FALSE,FALSE,1,panc_can_broad,period,years,TRUE,start,FALSE,5,2,denominator_cohort_2,0 to 17,Female,180,1987-09-09,2023-06-23,NA,NA,CPRD GOLD 100k
2,2016-01-01,2016-12-31,0,2762,0,0,0.0013888933541158406,FALSE,FALSE,FALSE,1,panc_can_broad,period,years,TRUE,start,FALSE,5,2,denominator_cohort_2,0 to 17,Female,180,1987-09-09,2023-06-23,NA,NA,CPRD GOLD 100k
2,2017-01-01,2017-12-31,0,2541,0,0,0.0015095081099764443,FALSE,FALSE,FALSE,1,panc_can_broad,period,years,TRUE,start,FALSE,5,2,denominator_cohort_2,0 to 17,Female,180,1987-09-09,2023-06-23,NA,NA,CPRD GOLD 100k
2,2018-01-01,2018-12-31,0,2362,0,0,0.0016237177712698397,FALSE,FALSE,FALSE,1,panc_can_broad,period,years,TRUE,start,FALSE,5,2,denominator_cohort_2,0 to 17,Female,180,1987-09-09,2023-06-23,NA,NA,CPRD GOLD 100k
2,2019-01-01,2019-12-31,0,2248,0,2.168404344971009e-19,0.0017059188628252378,FALSE,FALSE,FALSE,1,panc_can_broad,period,years,TRUE,start,FALSE,5,2,denominator_cohort_2,0 to 17,Female,180,1987-09-09,2023-06-23,NA,NA,CPRD GOLD 100k
2,2020-01-01,2020-12-31,0,2044,0,1.0842021724855044e-19,0.0018758575299605141,FALSE,FALSE,FALSE,1,panc_can_broad,period,years,TRUE,start,FALSE,5,2,denominator_cohort_2,0 to 17,Female,180,1987-09-09,2023-06-23,NA,NA,CPRD GOLD 100k
2,2021-01-01,2021-12-31,0,1803,0,0,0.00212606302669267,FALSE,FALSE,FALSE,1,panc_can_broad,period,years,TRUE,start,FALSE,5,2,denominator_cohort_2,0 to 17,Female,180,1987-09-09,2023-06-23,NA,NA,CPRD GOLD 100k
2,2022-01-01,2022-12-31,0,1630,0,0,0.0023511821174294883,FALSE,FALSE,FALSE,1,panc_can_broad,period,years,TRUE,start,FALSE,5,2,denominator_cohort_2,0 to 17,Female,180,1987-09-09,2023-06-23,NA,NA,CPRD GOLD 100k
3,1989-01-01,1989-12-31,0,248,0,0,0.015253480656769711,FALSE,FALSE,FALSE,1,panc_can_broad,period,years,TRUE,start,FALSE,5,3,denominator_cohort_3,0 to 17,Both,180,1987-09-09,2023-06-23,NA,NA,CPRD GOLD 100k
3,1990-01-01,1990-12-31,0,826,0,0,0.0046291478689836785,FALSE,FALSE,FALSE,1,panc_can_broad,period,years,TRUE,start,FALSE,5,3,denominator_cohort_3,0 to 17,Both,180,1987-09-09,2023-06-23,NA,NA,CPRD GOLD 100k
3,1991-01-01,1991-12-31,0,1173,0,2.168404344971009e-19,0.0032642109877261015,FALSE,FALSE,FALSE,1,panc_can_broad,period,years,TRUE,start,FALSE,5,3,denominator_cohort_3,0 to 17,Both,180,1987-09-09,2023-06-23,NA,NA,CPRD GOLD 100k
3,1992-01-01,1992-12-31,0,1376,0,-2.168404344971009e-19,0.0027839856500451107,FALSE,FALSE,FALSE,1,panc_can_broad,period,years,TRUE,start,FALSE,5,3,denominator_cohort_3,0 to 17,Both,180,1987-09-09,2023-06-23,NA,NA,CPRD GOLD 100k
3,1993-01-01,1993-12-31,0,1649,0,0,0.002324154443363862,FALSE,FALSE,FALSE,1,panc_can_broad,period,years,TRUE,start,FALSE,5,3,denominator_cohort_3,0 to 17,Both,180,1987-09-09,2023-06-23,NA,NA,CPRD GOLD 100k
3,1994-01-01,1994-12-31,0,1770,0,-2.168404344971009e-19,0.0021656156482259964,FALSE,FALSE,FALSE,1,panc_can_broad,period,years,TRUE,start,FALSE,5,3,denominator_cohort_3,0 to 17,Both,180,1987-09-09,2023-06-23,NA,NA,CPRD GOLD 100k
3,1995-01-01,1995-12-31,0,1962,0,0,0.0019541040827364634,FALSE,FALSE,FALSE,1,panc_can_broad,period,years,TRUE,start,FALSE,5,3,denominator_cohort_3,0 to 17,Both,180,1987-09-09,2023-06-23,NA,NA,CPRD GOLD 100k
3,1996-01-01,1996-12-31,0,2236,0,1.0842021724855044e-19,0.0017150583607451848,FALSE,FALSE,FALSE,1,panc_can_broad,period,years,TRUE,start,FALSE,5,3,denominator_cohort_3,0 to 17,Both,180,1987-09-09,2023-06-23,NA,NA,CPRD GOLD 100k
3,1997-01-01,1997-12-31,0,2655,0,0,0.001444786716391119,FALSE,FALSE,FALSE,1,panc_can_broad,period,years,TRUE,start,FALSE,5,3,denominator_cohort_3,0 to 17,Both,180,1987-09-09,2023-06-23,NA,NA,CPRD GOLD 100k
3,1998-01-01,1998-12-31,0,3037,0,-1.0842021724855044e-19,0.001263288097296571,FALSE,FALSE,FALSE,1,panc_can_broad,period,years,TRUE,start,FALSE,5,3,denominator_cohort_3,0 to 17,Both,180,1987-09-09,2023-06-23,NA,NA,CPRD GOLD 100k
3,1999-01-01,1999-12-31,0,3633,0,0,0.0010562623815721073,FALSE,FALSE,FALSE,1,panc_can_broad,period,years,TRUE,start,FALSE,5,3,denominator_cohort_3,0 to 17,Both,180,1987-09-09,2023-06-23,NA,NA,CPRD GOLD 100k
3,2000-01-01,2000-12-31,0,4617,0,-5.421010862427522e-20,8.313331792332299e-4,FALSE,FALSE,FALSE,1,panc_can_broad,period,years,TRUE,start,FALSE,5,3,denominator_cohort_3,0 to 17,Both,180,1987-09-09,2023-06-23,NA,NA,CPRD GOLD 100k
3,2001-01-01,2001-12-31,0,5232,0,5.421010862427522e-20,7.33685091671848e-4,FALSE,FALSE,FALSE,1,panc_can_broad,period,years,TRUE,start,FALSE,5,3,denominator_cohort_3,0 to 17,Both,180,1987-09-09,2023-06-23,NA,NA,CPRD GOLD 100k
3,2002-01-01,2002-12-31,0,6118,0,0,6.275005399166509e-4,FALSE,FALSE,FALSE,1,panc_can_broad,period,years,TRUE,start,FALSE,5,3,denominator_cohort_3,0 to 17,Both,180,1987-09-09,2023-06-23,NA,NA,CPRD GOLD 100k
3,2003-01-01,2003-12-31,0,6963,0,0,5.513917380494522e-4,FALSE,FALSE,FALSE,1,panc_can_broad,period,years,TRUE,start,FALSE,5,3,denominator_cohort_3,0 to 17,Both,180,1987-09-09,2023-06-23,NA,NA,CPRD GOLD 100k
3,2004-01-01,2004-12-31,0,7702,0,-5.421010862427522e-20,4.985125688378778e-4,FALSE,FALSE,FALSE,1,panc_can_broad,period,years,TRUE,start,FALSE,5,3,denominator_cohort_3,0 to 17,Both,180,1987-09-09,2023-06-23,NA,NA,CPRD GOLD 100k
3,2005-01-01,2005-12-31,0,7959,0,-5.421010862427522e-20,4.8242312000809927e-4,FALSE,FALSE,FALSE,1,panc_can_broad,period,years,TRUE,start,FALSE,5,3,denominator_cohort_3,0 to 17,Both,180,1987-09-09,2023-06-23,NA,NA,CPRD GOLD 100k
3,2006-01-01,2006-12-31,0,8073,0,-2.710505431213761e-20,4.756139934502339e-4,FALSE,FALSE,FALSE,1,panc_can_broad,period,years,TRUE,start,FALSE,5,3,denominator_cohort_3,0 to 17,Both,180,1987-09-09,2023-06-23,NA,NA,CPRD GOLD 100k
3,2007-01-01,2007-12-31,0,8140,0,-2.710505431213761e-20,4.7170108113209804e-4,FALSE,FALSE,FALSE,1,panc_can_broad,period,years,TRUE,start,FALSE,5,3,denominator_cohort_3,0 to 17,Both,180,1987-09-09,2023-06-23,NA,NA,CPRD GOLD 100k
3,2008-01-01,2008-12-31,0,8131,0,5.421010862427522e-20,4.7222294867575927e-4,FALSE,FALSE,FALSE,1,panc_can_broad,period,years,TRUE,start,FALSE,5,3,denominator_cohort_3,0 to 17,Both,180,1987-09-09,2023-06-23,NA,NA,CPRD GOLD 100k
3,2009-01-01,2009-12-31,0,8140,0,-2.710505431213761e-20,4.7170108113209804e-4,FALSE,FALSE,FALSE,1,panc_can_broad,period,years,TRUE,start,FALSE,5,3,denominator_cohort_3,0 to 17,Both,180,1987-09-09,2023-06-23,NA,NA,CPRD GOLD 100k
3,2010-01-01,2010-12-31,0,8091,0,0,4.745563999290198e-4,FALSE,FALSE,FALSE,1,panc_can_broad,period,years,TRUE,start,FALSE,5,3,denominator_cohort_3,0 to 17,Both,180,1987-09-09,2023-06-23,NA,NA,CPRD GOLD 100k
3,2011-01-01,2011-12-31,0,7947,0,0,4.831512287837653e-4,FALSE,FALSE,FALSE,1,panc_can_broad,period,years,TRUE,start,FALSE,5,3,denominator_cohort_3,0 to 17,Both,180,1987-09-09,2023-06-23,NA,NA,CPRD GOLD 100k
3,2012-01-01,2012-12-31,0,7855,0,5.421010862427522e-20,4.888072676898837e-4,FALSE,FALSE,FALSE,1,panc_can_broad,period,years,TRUE,start,FALSE,5,3,denominator_cohort_3,0 to 17,Both,180,1987-09-09,2023-06-23,NA,NA,CPRD GOLD 100k
3,2013-01-01,2013-12-31,0,7723,0,5.421010862427522e-20,4.971577120051877e-4,FALSE,FALSE,FALSE,1,panc_can_broad,period,years,TRUE,start,FALSE,5,3,denominator_cohort_3,0 to 17,Both,180,1987-09-09,2023-06-23,NA,NA,CPRD GOLD 100k
3,2014-01-01,2014-12-31,0,7302,0,0,5.258064854468126e-4,FALSE,FALSE,FALSE,1,panc_can_broad,period,years,TRUE,start,FALSE,5,3,denominator_cohort_3,0 to 17,Both,180,1987-09-09,2023-06-23,NA,NA,CPRD GOLD 100k
3,2015-01-01,2015-12-31,0,6724,0,0,5.709793912663755e-4,FALSE,FALSE,FALSE,1,panc_can_broad,period,years,TRUE,start,FALSE,5,3,denominator_cohort_3,0 to 17,Both,180,1987-09-09,2023-06-23,NA,NA,CPRD GOLD 100k
3,2016-01-01,2016-12-31,0,5685,0,1.0842021724855044e-19,6.752620631987982e-4,FALSE,FALSE,FALSE,1,panc_can_broad,period,years,TRUE,start,FALSE,5,3,denominator_cohort_3,0 to 17,Both,180,1987-09-09,2023-06-23,NA,NA,CPRD GOLD 100k
3,2017-01-01,2017-12-31,0,5214,0,0,7.362160868648446e-4,FALSE,FALSE,FALSE,1,panc_can_broad,period,years,TRUE,start,FALSE,5,3,denominator_cohort_3,0 to 17,Both,180,1987-09-09,2023-06-23,NA,NA,CPRD GOLD 100k
3,2018-01-01,2018-12-31,0,4847,0,5.421010862427522e-20,7.919159703125061e-4,FALSE,FALSE,FALSE,1,panc_can_broad,period,years,TRUE,start,FALSE,5,3,denominator_cohort_3,0 to 17,Both,180,1987-09-09,2023-06-23,NA,NA,CPRD GOLD 100k
3,2019-01-01,2019-12-31,0,4622,0,0,8.304346041451796e-4,FALSE,FALSE,FALSE,1,panc_can_broad,period,years,TRUE,start,FALSE,5,3,denominator_cohort_3,0 to 17,Both,180,1987-09-09,2023-06-23,NA,NA,CPRD GOLD 100k
3,2020-01-01,2020-12-31,0,4228,0,0,9.077511192408043e-4,FALSE,FALSE,FALSE,1,panc_can_broad,period,years,TRUE,start,FALSE,5,3,denominator_cohort_3,0 to 17,Both,180,1987-09-09,2023-06-23,NA,NA,CPRD GOLD 100k
3,2021-01-01,2021-12-31,0,3751,0,0,0.0010230681808601936,FALSE,FALSE,FALSE,1,panc_can_broad,period,years,TRUE,start,FALSE,5,3,denominator_cohort_3,0 to 17,Both,180,1987-09-09,2023-06-23,NA,NA,CPRD GOLD 100k
3,2022-01-01,2022-12-31,0,3394,0,0,0.0011305585817495433,FALSE,FALSE,FALSE,1,panc_can_broad,period,years,TRUE,start,FALSE,5,3,denominator_cohort_3,0 to 17,Both,180,1987-09-09,2023-06-23,NA,NA,CPRD GOLD 100k
4,1989-01-01,1989-12-31,0,350,0,0,0.010856440716407817,FALSE,FALSE,FALSE,1,panc_can_broad,period,years,TRUE,start,FALSE,5,4,denominator_cohort_4,18 to 64,Male,180,1987-09-09,2023-06-23,NA,NA,CPRD GOLD 100k
4,1990-01-01,1990-12-31,0,1296,0,-2.168404344971009e-19,0.0029553287399983075,FALSE,FALSE,FALSE,1,panc_can_broad,period,years,TRUE,start,FALSE,5,4,denominator_cohort_4,18 to 64,Male,180,1987-09-09,2023-06-23,NA,NA,CPRD GOLD 100k
4,1991-01-01,1991-12-31,0,1783,0,2.168404344971009e-19,0.002149859911594768,FALSE,FALSE,FALSE,1,panc_can_broad,period,years,TRUE,start,FALSE,5,4,denominator_cohort_4,18 to 64,Male,180,1987-09-09,2023-06-23,NA,NA,CPRD GOLD 100k
4,1992-01-01,1992-12-31,0,2011,0,1.0842021724855044e-19,0.001906581187257565,FALSE,FALSE,FALSE,1,panc_can_broad,period,years,TRUE,start,FALSE,5,4,denominator_cohort_4,18 to 64,Male,180,1987-09-09,2023-06-23,NA,NA,CPRD GOLD 100k
4,1993-01-01,1993-12-31,0,2357,0,0,0.0016271566251691626,FALSE,FALSE,FALSE,1,panc_can_broad,period,years,TRUE,start,FALSE,5,4,denominator_cohort_4,18 to 64,Male,180,1987-09-09,2023-06-23,NA,NA,CPRD GOLD 100k
4,1994-01-01,1994-12-31,0,2532,0,1.0842021724855044e-19,0.0015148655320434004,FALSE,FALSE,FALSE,1,panc_can_broad,period,years,TRUE,start,FALSE,5,4,denominator_cohort_4,18 to 64,Male,180,1987-09-09,2023-06-23,NA,NA,CPRD GOLD 100k
4,1995-01-01,1995-12-31,0,2741,0,0,0.0013995193814744348,FALSE,FALSE,FALSE,1,panc_can_broad,period,years,TRUE,start,FALSE,5,4,denominator_cohort_4,18 to 64,Male,180,1987-09-09,2023-06-23,NA,NA,CPRD GOLD 100k
4,1996-01-01,1996-12-31,0,3176,0,1.0842021724855044e-19,0.00120806614746095,FALSE,FALSE,FALSE,1,panc_can_broad,period,years,TRUE,start,FALSE,5,4,denominator_cohort_4,18 to 64,Male,180,1987-09-09,2023-06-23,NA,NA,CPRD GOLD 100k
4,1997-01-01,1997-12-31,0,3847,0,0,9.975634836627515e-4,FALSE,FALSE,FALSE,1,panc_can_broad,period,years,TRUE,start,FALSE,5,4,denominator_cohort_4,18 to 64,Male,180,1987-09-09,2023-06-23,NA,NA,CPRD GOLD 100k
4,1998-01-01,1998-12-31,0,4378,0,0,8.766768165382218e-4,FALSE,FALSE,FALSE,1,panc_can_broad,period,years,TRUE,start,FALSE,5,4,denominator_cohort_4,18 to 64,Male,180,1987-09-09,2023-06-23,NA,NA,CPRD GOLD 100k
4,1999-01-01,1999-12-31,NA,5371,NA,NA,NA,FALSE,TRUE,TRUE,1,panc_can_broad,period,years,TRUE,start,FALSE,5,4,denominator_cohort_4,18 to 64,Male,180,1987-09-09,2023-06-23,NA,NA,CPRD GOLD 100k
4,2000-01-01,2000-12-31,NA,6971,NA,NA,NA,FALSE,TRUE,TRUE,1,panc_can_broad,period,years,TRUE,start,FALSE,5,4,denominator_cohort_4,18 to 64,Male,180,1987-09-09,2023-06-23,NA,NA,CPRD GOLD 100k
4,2001-01-01,2001-12-31,0,8028,0,0,4.782787160814004e-4,FALSE,FALSE,FALSE,1,panc_can_broad,period,years,TRUE,start,FALSE,5,4,denominator_cohort_4,18 to 64,Male,180,1987-09-09,2023-06-23,NA,NA,CPRD GOLD 100k
4,2002-01-01,2002-12-31,0,9422,0,0,4.075454523054056e-4,FALSE,FALSE,FALSE,1,panc_can_broad,period,years,TRUE,start,FALSE,5,4,denominator_cohort_4,18 to 64,Male,180,1987-09-09,2023-06-23,NA,NA,CPRD GOLD 100k
4,2003-01-01,2003-12-31,0,10861,0,0,3.5356786707415867e-4,FALSE,FALSE,FALSE,1,panc_can_broad,period,years,TRUE,start,FALSE,5,4,denominator_cohort_4,18 to 64,Male,180,1987-09-09,2023-06-23,NA,NA,CPRD GOLD 100k
4,2004-01-01,2004-12-31,0,12278,0,-2.710505431213761e-20,3.1277547699781023e-4,FALSE,FALSE,FALSE,1,panc_can_broad,period,years,TRUE,start,FALSE,5,4,denominator_cohort_4,18 to 64,Male,180,1987-09-09,2023-06-23,NA,NA,CPRD GOLD 100k
4,2005-01-01,2005-12-31,NA,12710,NA,NA,NA,FALSE,TRUE,TRUE,1,panc_can_broad,period,years,TRUE,start,FALSE,5,4,denominator_cohort_4,18 to 64,Male,180,1987-09-09,2023-06-23,NA,NA,CPRD GOLD 100k
4,2006-01-01,2006-12-31,NA,13006,NA,NA,NA,FALSE,TRUE,TRUE,1,panc_can_broad,period,years,TRUE,start,FALSE,5,4,denominator_cohort_4,18 to 64,Male,180,1987-09-09,2023-06-23,NA,NA,CPRD GOLD 100k
4,2007-01-01,2007-12-31,NA,13153,NA,NA,NA,FALSE,TRUE,TRUE,1,panc_can_broad,period,years,TRUE,start,FALSE,5,4,denominator_cohort_4,18 to 64,Male,180,1987-09-09,2023-06-23,NA,NA,CPRD GOLD 100k
4,2008-01-01,2008-12-31,NA,13180,NA,NA,NA,FALSE,TRUE,TRUE,1,panc_can_broad,period,years,TRUE,start,FALSE,5,4,denominator_cohort_4,18 to 64,Male,180,1987-09-09,2023-06-23,NA,NA,CPRD GOLD 100k
4,2009-01-01,2009-12-31,NA,13278,NA,NA,NA,FALSE,TRUE,TRUE,1,panc_can_broad,period,years,TRUE,start,FALSE,5,4,denominator_cohort_4,18 to 64,Male,180,1987-09-09,2023-06-23,NA,NA,CPRD GOLD 100k
4,2010-01-01,2010-12-31,NA,13269,NA,NA,NA,FALSE,TRUE,TRUE,1,panc_can_broad,period,years,TRUE,start,FALSE,5,4,denominator_cohort_4,18 to 64,Male,180,1987-09-09,2023-06-23,NA,NA,CPRD GOLD 100k
4,2011-01-01,2011-12-31,NA,13025,NA,NA,NA,FALSE,TRUE,TRUE,1,panc_can_broad,period,years,TRUE,start,FALSE,5,4,denominator_cohort_4,18 to 64,Male,180,1987-09-09,2023-06-23,NA,NA,CPRD GOLD 100k
4,2012-01-01,2012-12-31,NA,12704,NA,NA,NA,FALSE,TRUE,TRUE,1,panc_can_broad,period,years,TRUE,start,FALSE,5,4,denominator_cohort_4,18 to 64,Male,180,1987-09-09,2023-06-23,NA,NA,CPRD GOLD 100k
4,2013-01-01,2013-12-31,NA,12391,NA,NA,NA,FALSE,TRUE,TRUE,1,panc_can_broad,period,years,TRUE,start,FALSE,5,4,denominator_cohort_4,18 to 64,Male,180,1987-09-09,2023-06-23,NA,NA,CPRD GOLD 100k
4,2014-01-01,2014-12-31,NA,11682,NA,NA,NA,FALSE,TRUE,TRUE,1,panc_can_broad,period,years,TRUE,start,FALSE,5,4,denominator_cohort_4,18 to 64,Male,180,1987-09-09,2023-06-23,NA,NA,CPRD GOLD 100k
4,2015-01-01,2015-12-31,NA,10538,NA,NA,NA,FALSE,TRUE,TRUE,1,panc_can_broad,period,years,TRUE,start,FALSE,5,4,denominator_cohort_4,18 to 64,Male,180,1987-09-09,2023-06-23,NA,NA,CPRD GOLD 100k
4,2016-01-01,2016-12-31,0,9065,0,2.710505431213761e-20,4.235887062462402e-4,FALSE,FALSE,FALSE,1,panc_can_broad,period,years,TRUE,start,FALSE,5,4,denominator_cohort_4,18 to 64,Male,180,1987-09-09,2023-06-23,NA,NA,CPRD GOLD 100k
4,2017-01-01,2017-12-31,NA,8227,NA,NA,NA,FALSE,TRUE,TRUE,1,panc_can_broad,period,years,TRUE,start,FALSE,5,4,denominator_cohort_4,18 to 64,Male,180,1987-09-09,2023-06-23,NA,NA,CPRD GOLD 100k
4,2018-01-01,2018-12-31,NA,7610,NA,NA,NA,FALSE,TRUE,TRUE,1,panc_can_broad,period,years,TRUE,start,FALSE,5,4,denominator_cohort_4,18 to 64,Male,180,1987-09-09,2023-06-23,NA,NA,CPRD GOLD 100k
4,2019-01-01,2019-12-31,0,7308,0,5.421010862427522e-20,5.253750156275546e-4,FALSE,FALSE,FALSE,1,panc_can_broad,period,years,TRUE,start,FALSE,5,4,denominator_cohort_4,18 to 64,Male,180,1987-09-09,2023-06-23,NA,NA,CPRD GOLD 100k
4,2020-01-01,2020-12-31,0,6874,0,5.421010862427522e-20,5.58526805785488e-4,FALSE,FALSE,FALSE,1,panc_can_broad,period,years,TRUE,start,FALSE,5,4,denominator_cohort_4,18 to 64,Male,180,1987-09-09,2023-06-23,NA,NA,CPRD GOLD 100k
4,2021-01-01,2021-12-31,NA,6308,NA,NA,NA,FALSE,TRUE,TRUE,1,panc_can_broad,period,years,TRUE,start,FALSE,5,4,denominator_cohort_4,18 to 64,Male,180,1987-09-09,2023-06-23,NA,NA,CPRD GOLD 100k
4,2022-01-01,2022-12-31,0,5671,0,5.421010862427522e-20,6.769279544758292e-4,FALSE,FALSE,FALSE,1,panc_can_broad,period,years,TRUE,start,FALSE,5,4,denominator_cohort_4,18 to 64,Male,180,1987-09-09,2023-06-23,NA,NA,CPRD GOLD 100k
5,1989-01-01,1989-12-31,0,313,0,-8.673617379884035e-19,0.012124230316929798,FALSE,FALSE,FALSE,1,panc_can_broad,period,years,TRUE,start,FALSE,5,5,denominator_cohort_5,18 to 64,Female,180,1987-09-09,2023-06-23,NA,NA,CPRD GOLD 100k
5,1990-01-01,1990-12-31,0,1296,0,-2.168404344971009e-19,0.0029553287399983075,FALSE,FALSE,FALSE,1,panc_can_broad,period,years,TRUE,start,FALSE,5,5,denominator_cohort_5,18 to 64,Female,180,1987-09-09,2023-06-23,NA,NA,CPRD GOLD 100k
5,1991-01-01,1991-12-31,0,1756,0,0,0.002182843688242442,FALSE,FALSE,FALSE,1,panc_can_broad,period,years,TRUE,start,FALSE,5,5,denominator_cohort_5,18 to 64,Female,180,1987-09-09,2023-06-23,NA,NA,CPRD GOLD 100k
5,1992-01-01,1992-12-31,NA,2036,NA,NA,NA,FALSE,TRUE,TRUE,1,panc_can_broad,period,years,TRUE,start,FALSE,5,5,denominator_cohort_5,18 to 64,Female,180,1987-09-09,2023-06-23,NA,NA,CPRD GOLD 100k
5,1993-01-01,1993-12-31,NA,2324,NA,NA,NA,FALSE,TRUE,TRUE,1,panc_can_broad,period,years,TRUE,start,FALSE,5,5,denominator_cohort_5,18 to 64,Female,180,1987-09-09,2023-06-23,NA,NA,CPRD GOLD 100k
5,1994-01-01,1994-12-31,0,2482,0,-1.0842021724855044e-19,0.0015453354062718652,FALSE,FALSE,FALSE,1,panc_can_broad,period,years,TRUE,start,FALSE,5,5,denominator_cohort_5,18 to 64,Female,180,1987-09-09,2023-06-23,NA,NA,CPRD GOLD 100k
5,1995-01-01,1995-12-31,0,2689,0,0,0.0014265447407276833,FALSE,FALSE,FALSE,1,panc_can_broad,period,years,TRUE,start,FALSE,5,5,denominator_cohort_5,18 to 64,Female,180,1987-09-09,2023-06-23,NA,NA,CPRD GOLD 100k
5,1996-01-01,1996-12-31,0,3092,0,0,0.001240844814500759,FALSE,FALSE,FALSE,1,panc_can_broad,period,years,TRUE,start,FALSE,5,5,denominator_cohort_5,18 to 64,Female,180,1987-09-09,2023-06-23,NA,NA,CPRD GOLD 100k
5,1997-01-01,1997-12-31,0,3693,0,0,0.0010391191679395314,FALSE,FALSE,FALSE,1,panc_can_broad,period,years,TRUE,start,FALSE,5,5,denominator_cohort_5,18 to 64,Female,180,1987-09-09,2023-06-23,NA,NA,CPRD GOLD 100k
5,1998-01-01,1998-12-31,NA,4272,NA,NA,NA,FALSE,TRUE,TRUE,1,panc_can_broad,period,years,TRUE,start,FALSE,5,5,denominator_cohort_5,18 to 64,Female,180,1987-09-09,2023-06-23,NA,NA,CPRD GOLD 100k
5,1999-01-01,1999-12-31,NA,5192,NA,NA,NA,FALSE,TRUE,TRUE,1,panc_can_broad,period,years,TRUE,start,FALSE,5,5,denominator_cohort_5,18 to 64,Female,180,1987-09-09,2023-06-23,NA,NA,CPRD GOLD 100k
5,2000-01-01,2000-12-31,0,6733,0,0,5.702165984126608e-4,FALSE,FALSE,FALSE,1,panc_can_broad,period,years,TRUE,start,FALSE,5,5,denominator_cohort_5,18 to 64,Female,180,1987-09-09,2023-06-23,NA,NA,CPRD GOLD 100k
5,2001-01-01,2001-12-31,0,7677,0,0,5.001351533278407e-4,FALSE,FALSE,FALSE,1,panc_can_broad,period,years,TRUE,start,FALSE,5,5,denominator_cohort_5,18 to 64,Female,180,1987-09-09,2023-06-23,NA,NA,CPRD GOLD 100k
5,2002-01-01,2002-12-31,0,9053,0,0,4.2414994655259495e-4,FALSE,FALSE,FALSE,1,panc_can_broad,period,years,TRUE,start,FALSE,5,5,denominator_cohort_5,18 to 64,Female,180,1987-09-09,2023-06-23,NA,NA,CPRD GOLD 100k
5,2003-01-01,2003-12-31,0,10392,0,0,3.695187961369602e-4,FALSE,FALSE,FALSE,1,panc_can_broad,period,years,TRUE,start,FALSE,5,5,denominator_cohort_5,18 to 64,Female,180,1987-09-09,2023-06-23,NA,NA,CPRD GOLD 100k
5,2004-01-01,2004-12-31,0,11803,0,0,3.2535871969587883e-4,FALSE,FALSE,FALSE,1,panc_can_broad,period,years,TRUE,start,FALSE,5,5,denominator_cohort_5,18 to 64,Female,180,1987-09-09,2023-06-23,NA,NA,CPRD GOLD 100k
5,2005-01-01,2005-12-31,0,12249,0,0,3.135157533543941e-4,FALSE,FALSE,FALSE,1,panc_can_broad,period,years,TRUE,start,FALSE,5,5,denominator_cohort_5,18 to 64,Female,180,1987-09-09,2023-06-23,NA,NA,CPRD GOLD 100k
5,2006-01-01,2006-12-31,NA,12529,NA,NA,NA,FALSE,TRUE,TRUE,1,panc_can_broad,period,years,TRUE,start,FALSE,5,5,denominator_cohort_5,18 to 64,Female,180,1987-09-09,2023-06-23,NA,NA,CPRD GOLD 100k
5,2007-01-01,2007-12-31,0,12799,0,0,3.0004736316151893e-4,FALSE,FALSE,FALSE,1,panc_can_broad,period,years,TRUE,start,FALSE,5,5,denominator_cohort_5,18 to 64,Female,180,1987-09-09,2023-06-23,NA,NA,CPRD GOLD 100k
5,2008-01-01,2008-12-31,0,12855,0,0,2.9874066283467737e-4,FALSE,FALSE,FALSE,1,panc_can_broad,period,years,TRUE,start,FALSE,5,5,denominator_cohort_5,18 to 64,Female,180,1987-09-09,2023-06-23,NA,NA,CPRD GOLD 100k
5,2009-01-01,2009-12-31,0,12876,0,-2.710505431213761e-20,2.982535796714578e-4,FALSE,FALSE,FALSE,1,panc_can_broad,period,years,TRUE,start,FALSE,5,5,denominator_cohort_5,18 to 64,Female,180,1987-09-09,2023-06-23,NA,NA,CPRD GOLD 100k
5,2010-01-01,2010-12-31,0,12845,0,0,2.98973166803064e-4,FALSE,FALSE,FALSE,1,panc_can_broad,period,years,TRUE,start,FALSE,5,5,denominator_cohort_5,18 to 64,Female,180,1987-09-09,2023-06-23,NA,NA,CPRD GOLD 100k
5,2011-01-01,2011-12-31,0,12653,0,-2.710505431213761e-20,3.035084885271253e-4,FALSE,FALSE,FALSE,1,panc_can_broad,period,years,TRUE,start,FALSE,5,5,denominator_cohort_5,18 to 64,Female,180,1987-09-09,2023-06-23,NA,NA,CPRD GOLD 100k
5,2012-01-01,2012-12-31,0,12416,0,0,3.093001495575357e-4,FALSE,FALSE,FALSE,1,panc_can_broad,period,years,TRUE,start,FALSE,5,5,denominator_cohort_5,18 to 64,Female,180,1987-09-09,2023-06-23,NA,NA,CPRD GOLD 100k
5,2013-01-01,2013-12-31,NA,12138,NA,NA,NA,FALSE,TRUE,TRUE,1,panc_can_broad,period,years,TRUE,start,FALSE,5,5,denominator_cohort_5,18 to 64,Female,180,1987-09-09,2023-06-23,NA,NA,CPRD GOLD 100k
5,2014-01-01,2014-12-31,0,11548,0,0,3.325408190882747e-4,FALSE,FALSE,FALSE,1,panc_can_broad,period,years,TRUE,start,FALSE,5,5,denominator_cohort_5,18 to 64,Female,180,1987-09-09,2023-06-23,NA,NA,CPRD GOLD 100k
5,2015-01-01,2015-12-31,NA,10491,NA,NA,NA,FALSE,TRUE,TRUE,1,panc_can_broad,period,years,TRUE,start,FALSE,5,5,denominator_cohort_5,18 to 64,Female,180,1987-09-09,2023-06-23,NA,NA,CPRD GOLD 100k
5,2016-01-01,2016-12-31,NA,8970,NA,NA,NA,FALSE,TRUE,TRUE,1,panc_can_broad,period,years,TRUE,start,FALSE,5,5,denominator_cohort_5,18 to 64,Female,180,1987-09-09,2023-06-23,NA,NA,CPRD GOLD 100k
5,2017-01-01,2017-12-31,NA,8091,NA,NA,NA,FALSE,TRUE,TRUE,1,panc_can_broad,period,years,TRUE,start,FALSE,5,5,denominator_cohort_5,18 to 64,Female,180,1987-09-09,2023-06-23,NA,NA,CPRD GOLD 100k
5,2018-01-01,2018-12-31,0,7565,0,0,5.075359077864294e-4,FALSE,FALSE,FALSE,1,panc_can_broad,period,years,TRUE,start,FALSE,5,5,denominator_cohort_5,18 to 64,Female,180,1987-09-09,2023-06-23,NA,NA,CPRD GOLD 100k
5,2019-01-01,2019-12-31,NA,7291,NA,NA,NA,FALSE,TRUE,TRUE,1,panc_can_broad,period,years,TRUE,start,FALSE,5,5,denominator_cohort_5,18 to 64,Female,180,1987-09-09,2023-06-23,NA,NA,CPRD GOLD 100k
5,2020-01-01,2020-12-31,NA,6837,NA,NA,NA,FALSE,TRUE,TRUE,1,panc_can_broad,period,years,TRUE,start,FALSE,5,5,denominator_cohort_5,18 to 64,Female,180,1987-09-09,2023-06-23,NA,NA,CPRD GOLD 100k
5,2021-01-01,2021-12-31,0,6204,0,0,6.188074947107117e-4,FALSE,FALSE,FALSE,1,panc_can_broad,period,years,TRUE,start,FALSE,5,5,denominator_cohort_5,18 to 64,Female,180,1987-09-09,2023-06-23,NA,NA,CPRD GOLD 100k
5,2022-01-01,2022-12-31,NA,5619,NA,NA,NA,FALSE,TRUE,TRUE,1,panc_can_broad,period,years,TRUE,start,FALSE,5,5,denominator_cohort_5,18 to 64,Female,180,1987-09-09,2023-06-23,NA,NA,CPRD GOLD 100k
6,1989-01-01,1989-12-31,0,663,0,0,0.00576067784910633,FALSE,FALSE,FALSE,1,panc_can_broad,period,years,TRUE,start,FALSE,5,6,denominator_cohort_6,18 to 64,Both,180,1987-09-09,2023-06-23,NA,NA,CPRD GOLD 100k
6,1990-01-01,1990-12-31,0,2592,0,0,0.0014798510932325275,FALSE,FALSE,FALSE,1,panc_can_broad,period,years,TRUE,start,FALSE,5,6,denominator_cohort_6,18 to 64,Both,180,1987-09-09,2023-06-23,NA,NA,CPRD GOLD 100k
6,1991-01-01,1991-12-31,0,3539,0,0,0.0010842875317296388,FALSE,FALSE,FALSE,1,panc_can_broad,period,years,TRUE,start,FALSE,5,6,denominator_cohort_6,18 to 64,Both,180,1987-09-09,2023-06-23,NA,NA,CPRD GOLD 100k
6,1992-01-01,1992-12-31,NA,4047,NA,NA,NA,FALSE,TRUE,TRUE,1,panc_can_broad,period,years,TRUE,start,FALSE,5,6,denominator_cohort_6,18 to 64,Both,180,1987-09-09,2023-06-23,NA,NA,CPRD GOLD 100k
6,1993-01-01,1993-12-31,NA,4681,NA,NA,NA,FALSE,TRUE,TRUE,1,panc_can_broad,period,years,TRUE,start,FALSE,5,6,denominator_cohort_6,18 to 64,Both,180,1987-09-09,2023-06-23,NA,NA,CPRD GOLD 100k
6,1994-01-01,1994-12-31,0,5014,0,-5.421010862427522e-20,7.655600226151732e-4,FALSE,FALSE,FALSE,1,panc_can_broad,period,years,TRUE,start,FALSE,5,6,denominator_cohort_6,18 to 64,Both,180,1987-09-09,2023-06-23,NA,NA,CPRD GOLD 100k
6,1995-01-01,1995-12-31,0,5430,0,-5.421010862427522e-20,7.069508468007153e-4,FALSE,FALSE,FALSE,1,panc_can_broad,period,years,TRUE,start,FALSE,5,6,denominator_cohort_6,18 to 64,Both,180,1987-09-09,2023-06-23,NA,NA,CPRD GOLD 100k
6,1996-01-01,1996-12-31,0,6268,0,0,6.124929729037571e-4,FALSE,FALSE,FALSE,1,panc_can_broad,period,years,TRUE,start,FALSE,5,6,denominator_cohort_6,18 to 64,Both,180,1987-09-09,2023-06-23,NA,NA,CPRD GOLD 100k
6,1997-01-01,1997-12-31,0,7540,0,0,5.09217862234163e-4,FALSE,FALSE,FALSE,1,panc_can_broad,period,years,TRUE,start,FALSE,5,6,denominator_cohort_6,18 to 64,Both,180,1987-09-09,2023-06-23,NA,NA,CPRD GOLD 100k
6,1998-01-01,1998-12-31,NA,8650,NA,NA,NA,FALSE,TRUE,TRUE,1,panc_can_broad,period,years,TRUE,start,FALSE,5,6,denominator_cohort_6,18 to 64,Both,180,1987-09-09,2023-06-23,NA,NA,CPRD GOLD 100k
6,1999-01-01,1999-12-31,NA,10563,NA,NA,NA,FALSE,TRUE,TRUE,1,panc_can_broad,period,years,TRUE,start,FALSE,5,6,denominator_cohort_6,18 to 64,Both,180,1987-09-09,2023-06-23,NA,NA,CPRD GOLD 100k
6,2000-01-01,2000-12-31,NA,13704,NA,NA,NA,FALSE,TRUE,TRUE,1,panc_can_broad,period,years,TRUE,start,FALSE,5,6,denominator_cohort_6,18 to 64,Both,180,1987-09-09,2023-06-23,NA,NA,CPRD GOLD 100k
6,2001-01-01,2001-12-31,0,15705,0,2.710505431213761e-20,2.4454119234471614e-4,FALSE,FALSE,FALSE,1,panc_can_broad,period,years,TRUE,start,FALSE,5,6,denominator_cohort_6,18 to 64,Both,180,1987-09-09,2023-06-23,NA,NA,CPRD GOLD 100k
6,2002-01-01,2002-12-31,0,18475,0,0,2.0788418090250137e-4,FALSE,FALSE,FALSE,1,panc_can_broad,period,years,TRUE,start,FALSE,5,6,denominator_cohort_6,18 to 64,Both,180,1987-09-09,2023-06-23,NA,NA,CPRD GOLD 100k
6,2003-01-01,2003-12-31,0,21253,0,0,1.8071635092804816e-4,FALSE,FALSE,FALSE,1,panc_can_broad,period,years,TRUE,start,FALSE,5,6,denominator_cohort_6,18 to 64,Both,180,1987-09-09,2023-06-23,NA,NA,CPRD GOLD 100k
6,2004-01-01,2004-12-31,0,24081,0,0,1.5949695277264322e-4,FALSE,FALSE,FALSE,1,panc_can_broad,period,years,TRUE,start,FALSE,5,6,denominator_cohort_6,18 to 64,Both,180,1987-09-09,2023-06-23,NA,NA,CPRD GOLD 100k
6,2005-01-01,2005-12-31,NA,24959,NA,NA,NA,FALSE,TRUE,TRUE,1,panc_can_broad,period,years,TRUE,start,FALSE,5,6,denominator_cohort_6,18 to 64,Both,180,1987-09-09,2023-06-23,NA,NA,CPRD GOLD 100k
6,2006-01-01,2006-12-31,NA,25535,NA,NA,NA,FALSE,TRUE,TRUE,1,panc_can_broad,period,years,TRUE,start,FALSE,5,6,denominator_cohort_6,18 to 64,Both,180,1987-09-09,2023-06-23,NA,NA,CPRD GOLD 100k
6,2007-01-01,2007-12-31,NA,25952,NA,NA,NA,FALSE,TRUE,TRUE,1,panc_can_broad,period,years,TRUE,start,FALSE,5,6,denominator_cohort_6,18 to 64,Both,180,1987-09-09,2023-06-23,NA,NA,CPRD GOLD 100k
6,2008-01-01,2008-12-31,NA,26035,NA,NA,NA,FALSE,TRUE,TRUE,1,panc_can_broad,period,years,TRUE,start,FALSE,5,6,denominator_cohort_6,18 to 64,Both,180,1987-09-09,2023-06-23,NA,NA,CPRD GOLD 100k
6,2009-01-01,2009-12-31,NA,26154,NA,NA,NA,FALSE,TRUE,TRUE,1,panc_can_broad,period,years,TRUE,start,FALSE,5,6,denominator_cohort_6,18 to 64,Both,180,1987-09-09,2023-06-23,NA,NA,CPRD GOLD 100k
6,2010-01-01,2010-12-31,NA,26114,NA,NA,NA,FALSE,TRUE,TRUE,1,panc_can_broad,period,years,TRUE,start,FALSE,5,6,denominator_cohort_6,18 to 64,Both,180,1987-09-09,2023-06-23,NA,NA,CPRD GOLD 100k
6,2011-01-01,2011-12-31,NA,25678,NA,NA,NA,FALSE,TRUE,TRUE,1,panc_can_broad,period,years,TRUE,start,FALSE,5,6,denominator_cohort_6,18 to 64,Both,180,1987-09-09,2023-06-23,NA,NA,CPRD GOLD 100k
6,2012-01-01,2012-12-31,NA,25120,NA,NA,NA,FALSE,TRUE,TRUE,1,panc_can_broad,period,years,TRUE,start,FALSE,5,6,denominator_cohort_6,18 to 64,Both,180,1987-09-09,2023-06-23,NA,NA,CPRD GOLD 100k
6,2013-01-01,2013-12-31,NA,24529,NA,NA,NA,FALSE,TRUE,TRUE,1,panc_can_broad,period,years,TRUE,start,FALSE,5,6,denominator_cohort_6,18 to 64,Both,180,1987-09-09,2023-06-23,NA,NA,CPRD GOLD 100k
6,2014-01-01,2014-12-31,NA,23230,NA,NA,NA,FALSE,TRUE,TRUE,1,panc_can_broad,period,years,TRUE,start,FALSE,5,6,denominator_cohort_6,18 to 64,Both,180,1987-09-09,2023-06-23,NA,NA,CPRD GOLD 100k
6,2015-01-01,2015-12-31,NA,21029,NA,NA,NA,FALSE,TRUE,TRUE,1,panc_can_broad,period,years,TRUE,start,FALSE,5,6,denominator_cohort_6,18 to 64,Both,180,1987-09-09,2023-06-23,NA,NA,CPRD GOLD 100k
6,2016-01-01,2016-12-31,NA,18035,NA,NA,NA,FALSE,TRUE,TRUE,1,panc_can_broad,period,years,TRUE,start,FALSE,5,6,denominator_cohort_6,18 to 64,Both,180,1987-09-09,2023-06-23,NA,NA,CPRD GOLD 100k
6,2017-01-01,2017-12-31,NA,16318,NA,NA,NA,FALSE,TRUE,TRUE,1,panc_can_broad,period,years,TRUE,start,FALSE,5,6,denominator_cohort_6,18 to 64,Both,180,1987-09-09,2023-06-23,NA,NA,CPRD GOLD 100k
6,2018-01-01,2018-12-31,NA,15175,NA,NA,NA,FALSE,TRUE,TRUE,1,panc_can_broad,period,years,TRUE,start,FALSE,5,6,denominator_cohort_6,18 to 64,Both,180,1987-09-09,2023-06-23,NA,NA,CPRD GOLD 100k
6,2019-01-01,2019-12-31,NA,14599,NA,NA,NA,FALSE,TRUE,TRUE,1,panc_can_broad,period,years,TRUE,start,FALSE,5,6,denominator_cohort_6,18 to 64,Both,180,1987-09-09,2023-06-23,NA,NA,CPRD GOLD 100k
6,2020-01-01,2020-12-31,NA,13711,NA,NA,NA,FALSE,TRUE,TRUE,1,panc_can_broad,period,years,TRUE,start,FALSE,5,6,denominator_cohort_6,18 to 64,Both,180,1987-09-09,2023-06-23,NA,NA,CPRD GOLD 100k
6,2021-01-01,2021-12-31,NA,12512,NA,NA,NA,FALSE,TRUE,TRUE,1,panc_can_broad,period,years,TRUE,start,FALSE,5,6,denominator_cohort_6,18 to 64,Both,180,1987-09-09,2023-06-23,NA,NA,CPRD GOLD 100k
6,2022-01-01,2022-12-31,NA,11290,NA,NA,NA,FALSE,TRUE,TRUE,1,panc_can_broad,period,years,TRUE,start,FALSE,5,6,denominator_cohort_6,18 to 64,Both,180,1987-09-09,2023-06-23,NA,NA,CPRD GOLD 100k
7,1989-01-01,1989-12-31,0,51,0,0,0.0700466198985314,FALSE,FALSE,FALSE,1,panc_can_broad,period,years,TRUE,start,FALSE,5,7,denominator_cohort_7,65 to 199,Male,180,1987-09-09,2023-06-23,NA,NA,CPRD GOLD 100k
7,1990-01-01,1990-12-31,0,282,0,1.734723475976807e-18,0.013439124039399187,FALSE,FALSE,FALSE,1,panc_can_broad,period,years,TRUE,start,FALSE,5,7,denominator_cohort_7,65 to 199,Male,180,1987-09-09,2023-06-23,NA,NA,CPRD GOLD 100k
7,1991-01-01,1991-12-31,0,410,0,0,0.009282440748302407,FALSE,FALSE,FALSE,1,panc_can_broad,period,years,TRUE,start,FALSE,5,7,denominator_cohort_7,65 to 199,Male,180,1987-09-09,2023-06-23,NA,NA,CPRD GOLD 100k
7,1992-01-01,1992-12-31,0,472,0,8.673617379884035e-19,0.00807298050534444,FALSE,FALSE,FALSE,1,panc_can_broad,period,years,TRUE,start,FALSE,5,7,denominator_cohort_7,65 to 199,Male,180,1987-09-09,2023-06-23,NA,NA,CPRD GOLD 100k
7,1993-01-01,1993-12-31,0,541,0,0,0.007050599322982757,FALSE,FALSE,FALSE,1,panc_can_broad,period,years,TRUE,start,FALSE,5,7,denominator_cohort_7,65 to 199,Male,180,1987-09-09,2023-06-23,NA,NA,CPRD GOLD 100k
7,1994-01-01,1994-12-31,0,582,0,-4.336808689942018e-19,0.006557164507317434,FALSE,FALSE,FALSE,1,panc_can_broad,period,years,TRUE,start,FALSE,5,7,denominator_cohort_7,65 to 199,Male,180,1987-09-09,2023-06-23,NA,NA,CPRD GOLD 100k
7,1995-01-01,1995-12-31,0,664,0,4.336808689942018e-19,0.005752052032644922,FALSE,FALSE,FALSE,1,panc_can_broad,period,years,TRUE,start,FALSE,5,7,denominator_cohort_7,65 to 199,Male,180,1987-09-09,2023-06-23,NA,NA,CPRD GOLD 100k
7,1996-01-01,1996-12-31,NA,766,NA,NA,NA,FALSE,TRUE,TRUE,1,panc_can_broad,period,years,TRUE,start,FALSE,5,7,denominator_cohort_7,65 to 199,Male,180,1987-09-09,2023-06-23,NA,NA,CPRD GOLD 100k
7,1997-01-01,1997-12-31,0,887,0,0,0.004312168885560725,FALSE,FALSE,FALSE,1,panc_can_broad,period,years,TRUE,start,FALSE,5,7,denominator_cohort_7,65 to 199,Male,180,1987-09-09,2023-06-23,NA,NA,CPRD GOLD 100k
7,1998-01-01,1998-12-31,NA,995,NA,NA,NA,FALSE,TRUE,TRUE,1,panc_can_broad,period,years,TRUE,start,FALSE,5,7,denominator_cohort_7,65 to 199,Male,180,1987-09-09,2023-06-23,NA,NA,CPRD GOLD 100k
7,1999-01-01,1999-12-31,NA,1205,NA,NA,NA,FALSE,TRUE,TRUE,1,panc_can_broad,period,years,TRUE,start,FALSE,5,7,denominator_cohort_7,65 to 199,Male,180,1987-09-09,2023-06-23,NA,NA,CPRD GOLD 100k
7,2000-01-01,2000-12-31,0,1510,0,-2.168404344971009e-19,0.002537556887685372,FALSE,FALSE,FALSE,1,panc_can_broad,period,years,TRUE,start,FALSE,5,7,denominator_cohort_7,65 to 199,Male,180,1987-09-09,2023-06-23,NA,NA,CPRD GOLD 100k
7,2001-01-01,2001-12-31,NA,1752,NA,NA,NA,FALSE,TRUE,TRUE,1,panc_can_broad,period,years,TRUE,start,FALSE,5,7,denominator_cohort_7,65 to 199,Male,180,1987-09-09,2023-06-23,NA,NA,CPRD GOLD 100k
7,2002-01-01,2002-12-31,NA,2074,NA,NA,NA,FALSE,TRUE,TRUE,1,panc_can_broad,period,years,TRUE,start,FALSE,5,7,denominator_cohort_7,65 to 199,Male,180,1987-09-09,2023-06-23,NA,NA,CPRD GOLD 100k
7,2003-01-01,2003-12-31,NA,2335,NA,NA,NA,FALSE,TRUE,TRUE,1,panc_can_broad,period,years,TRUE,start,FALSE,5,7,denominator_cohort_7,65 to 199,Male,180,1987-09-09,2023-06-23,NA,NA,CPRD GOLD 100k
7,2004-01-01,2004-12-31,NA,2654,NA,NA,NA,FALSE,TRUE,TRUE,1,panc_can_broad,period,years,TRUE,start,FALSE,5,7,denominator_cohort_7,65 to 199,Male,180,1987-09-09,2023-06-23,NA,NA,CPRD GOLD 100k
7,2005-01-01,2005-12-31,NA,2755,NA,NA,NA,FALSE,TRUE,TRUE,1,panc_can_broad,period,years,TRUE,start,FALSE,5,7,denominator_cohort_7,65 to 199,Male,180,1987-09-09,2023-06-23,NA,NA,CPRD GOLD 100k
7,2006-01-01,2006-12-31,NA,2819,NA,NA,NA,FALSE,TRUE,TRUE,1,panc_can_broad,period,years,TRUE,start,FALSE,5,7,denominator_cohort_7,65 to 199,Male,180,1987-09-09,2023-06-23,NA,NA,CPRD GOLD 100k
7,2007-01-01,2007-12-31,NA,2915,NA,NA,NA,FALSE,TRUE,TRUE,1,panc_can_broad,period,years,TRUE,start,FALSE,5,7,denominator_cohort_7,65 to 199,Male,180,1987-09-09,2023-06-23,NA,NA,CPRD GOLD 100k
7,2008-01-01,2008-12-31,NA,2984,NA,NA,NA,FALSE,TRUE,TRUE,1,panc_can_broad,period,years,TRUE,start,FALSE,5,7,denominator_cohort_7,65 to 199,Male,180,1987-09-09,2023-06-23,NA,NA,CPRD GOLD 100k
7,2009-01-01,2009-12-31,NA,3004,NA,NA,NA,FALSE,TRUE,TRUE,1,panc_can_broad,period,years,TRUE,start,FALSE,5,7,denominator_cohort_7,65 to 199,Male,180,1987-09-09,2023-06-23,NA,NA,CPRD GOLD 100k
7,2010-01-01,2010-12-31,NA,3049,NA,NA,NA,FALSE,TRUE,TRUE,1,panc_can_broad,period,years,TRUE,start,FALSE,5,7,denominator_cohort_7,65 to 199,Male,180,1987-09-09,2023-06-23,NA,NA,CPRD GOLD 100k
7,2011-01-01,2011-12-31,NA,3083,NA,NA,NA,FALSE,TRUE,TRUE,1,panc_can_broad,period,years,TRUE,start,FALSE,5,7,denominator_cohort_7,65 to 199,Male,180,1987-09-09,2023-06-23,NA,NA,CPRD GOLD 100k
7,2012-01-01,2012-12-31,NA,3128,NA,NA,NA,FALSE,TRUE,TRUE,1,panc_can_broad,period,years,TRUE,start,FALSE,5,7,denominator_cohort_7,65 to 199,Male,180,1987-09-09,2023-06-23,NA,NA,CPRD GOLD 100k
7,2013-01-01,2013-12-31,NA,3160,NA,NA,NA,FALSE,TRUE,TRUE,1,panc_can_broad,period,years,TRUE,start,FALSE,5,7,denominator_cohort_7,65 to 199,Male,180,1987-09-09,2023-06-23,NA,NA,CPRD GOLD 100k
7,2014-01-01,2014-12-31,5,3089,0.0016186468112657818,6.91581164434928e-4,0.0037837399941128805,FALSE,FALSE,FALSE,1,panc_can_broad,period,years,TRUE,start,FALSE,5,7,denominator_cohort_7,65 to 199,Male,180,1987-09-09,2023-06-23,NA,NA,CPRD GOLD 100k
7,2015-01-01,2015-12-31,NA,2865,NA,NA,NA,FALSE,TRUE,TRUE,1,panc_can_broad,period,years,TRUE,start,FALSE,5,7,denominator_cohort_7,65 to 199,Male,180,1987-09-09,2023-06-23,NA,NA,CPRD GOLD 100k
7,2016-01-01,2016-12-31,NA,2454,NA,NA,NA,FALSE,TRUE,TRUE,1,panc_can_broad,period,years,TRUE,start,FALSE,5,7,denominator_cohort_7,65 to 199,Male,180,1987-09-09,2023-06-23,NA,NA,CPRD GOLD 100k
7,2017-01-01,2017-12-31,NA,2185,NA,NA,NA,FALSE,TRUE,TRUE,1,panc_can_broad,period,years,TRUE,start,FALSE,5,7,denominator_cohort_7,65 to 199,Male,180,1987-09-09,2023-06-23,NA,NA,CPRD GOLD 100k
7,2018-01-01,2018-12-31,0,2058,0,-1.0842021724855044e-19,0.0018631203695415612,FALSE,FALSE,FALSE,1,panc_can_broad,period,years,TRUE,start,FALSE,5,7,denominator_cohort_7,65 to 199,Male,180,1987-09-09,2023-06-23,NA,NA,CPRD GOLD 100k
7,2019-01-01,2019-12-31,NA,2054,NA,NA,NA,FALSE,TRUE,TRUE,1,panc_can_broad,period,years,TRUE,start,FALSE,5,7,denominator_cohort_7,65 to 199,Male,180,1987-09-09,2023-06-23,NA,NA,CPRD GOLD 100k
7,2020-01-01,2020-12-31,0,1939,0,0,0.0019772374134047416,FALSE,FALSE,FALSE,1,panc_can_broad,period,years,TRUE,start,FALSE,5,7,denominator_cohort_7,65 to 199,Male,180,1987-09-09,2023-06-23,NA,NA,CPRD GOLD 100k
7,2021-01-01,2021-12-31,NA,1817,NA,NA,NA,FALSE,TRUE,TRUE,1,panc_can_broad,period,years,TRUE,start,FALSE,5,7,denominator_cohort_7,65 to 199,Male,180,1987-09-09,2023-06-23,NA,NA,CPRD GOLD 100k
7,2022-01-01,2022-12-31,NA,1706,NA,NA,NA,FALSE,TRUE,TRUE,1,panc_can_broad,period,years,TRUE,start,FALSE,5,7,denominator_cohort_7,65 to 199,Male,180,1987-09-09,2023-06-23,NA,NA,CPRD GOLD 100k
8,1989-01-01,1989-12-31,0,112,0,0,0.03316134706694386,FALSE,FALSE,FALSE,1,panc_can_broad,period,years,TRUE,start,FALSE,5,8,denominator_cohort_8,65 to 199,Female,180,1987-09-09,2023-06-23,NA,NA,CPRD GOLD 100k
8,1990-01-01,1990-12-31,0,421,0,0,0.009042099684332892,FALSE,FALSE,FALSE,1,panc_can_broad,period,years,TRUE,start,FALSE,5,8,denominator_cohort_8,65 to 199,Female,180,1987-09-09,2023-06-23,NA,NA,CPRD GOLD 100k
8,1991-01-01,1991-12-31,0,590,0,4.336808689942018e-19,0.0064688289502771515,FALSE,FALSE,FALSE,1,panc_can_broad,period,years,TRUE,start,FALSE,5,8,denominator_cohort_8,65 to 199,Female,180,1987-09-09,2023-06-23,NA,NA,CPRD GOLD 100k
8,1992-01-01,1992-12-31,0,688,0,0,0.005552513183066876,FALSE,FALSE,FALSE,1,panc_can_broad,period,years,TRUE,start,FALSE,5,8,denominator_cohort_8,65 to 199,Female,180,1987-09-09,2023-06-23,NA,NA,CPRD GOLD 100k
8,1993-01-01,1993-12-31,0,811,0,0,0.0047143634864306,FALSE,FALSE,FALSE,1,panc_can_broad,period,years,TRUE,start,FALSE,5,8,denominator_cohort_8,65 to 199,Female,180,1987-09-09,2023-06-23,NA,NA,CPRD GOLD 100k
8,1994-01-01,1994-12-31,0,860,0,8.673617379884035e-19,0.004446948894926201,FALSE,FALSE,FALSE,1,panc_can_broad,period,years,TRUE,start,FALSE,5,8,denominator_cohort_8,65 to 199,Female,180,1987-09-09,2023-06-23,NA,NA,CPRD GOLD 100k
8,1995-01-01,1995-12-31,0,910,0,-4.336808689942018e-19,0.004203638151470497,FALSE,FALSE,FALSE,1,panc_can_broad,period,years,TRUE,start,FALSE,5,8,denominator_cohort_8,65 to 199,Female,180,1987-09-09,2023-06-23,NA,NA,CPRD GOLD 100k
8,1996-01-01,1996-12-31,NA,1028,NA,NA,NA,FALSE,TRUE,TRUE,1,panc_can_broad,period,years,TRUE,start,FALSE,5,8,denominator_cohort_8,65 to 199,Female,180,1987-09-09,2023-06-23,NA,NA,CPRD GOLD 100k
8,1997-01-01,1997-12-31,NA,1211,NA,NA,NA,FALSE,TRUE,TRUE,1,panc_can_broad,period,years,TRUE,start,FALSE,5,8,denominator_cohort_8,65 to 199,Female,180,1987-09-09,2023-06-23,NA,NA,CPRD GOLD 100k
8,1998-01-01,1998-12-31,NA,1355,NA,NA,NA,FALSE,TRUE,TRUE,1,panc_can_broad,period,years,TRUE,start,FALSE,5,8,denominator_cohort_8,65 to 199,Female,180,1987-09-09,2023-06-23,NA,NA,CPRD GOLD 100k
8,1999-01-01,1999-12-31,NA,1668,NA,NA,NA,FALSE,TRUE,TRUE,1,panc_can_broad,period,years,TRUE,start,FALSE,5,8,denominator_cohort_8,65 to 199,Female,180,1987-09-09,2023-06-23,NA,NA,CPRD GOLD 100k
8,2000-01-01,2000-12-31,NA,2111,NA,NA,NA,FALSE,TRUE,TRUE,1,panc_can_broad,period,years,TRUE,start,FALSE,5,8,denominator_cohort_8,65 to 199,Female,180,1987-09-09,2023-06-23,NA,NA,CPRD GOLD 100k
8,2001-01-01,2001-12-31,NA,2375,NA,NA,NA,FALSE,TRUE,TRUE,1,panc_can_broad,period,years,TRUE,start,FALSE,5,8,denominator_cohort_8,65 to 199,Female,180,1987-09-09,2023-06-23,NA,NA,CPRD GOLD 100k
8,2002-01-01,2002-12-31,NA,2765,NA,NA,NA,FALSE,TRUE,TRUE,1,panc_can_broad,period,years,TRUE,start,FALSE,5,8,denominator_cohort_8,65 to 199,Female,180,1987-09-09,2023-06-23,NA,NA,CPRD GOLD 100k
8,2003-01-01,2003-12-31,NA,3114,NA,NA,NA,FALSE,TRUE,TRUE,1,panc_can_broad,period,years,TRUE,start,FALSE,5,8,denominator_cohort_8,65 to 199,Female,180,1987-09-09,2023-06-23,NA,NA,CPRD GOLD 100k
8,2004-01-01,2004-12-31,NA,3474,NA,NA,NA,FALSE,TRUE,TRUE,1,panc_can_broad,period,years,TRUE,start,FALSE,5,8,denominator_cohort_8,65 to 199,Female,180,1987-09-09,2023-06-23,NA,NA,CPRD GOLD 100k
8,2005-01-01,2005-12-31,NA,3593,NA,NA,NA,FALSE,TRUE,TRUE,1,panc_can_broad,period,years,TRUE,start,FALSE,5,8,denominator_cohort_8,65 to 199,Female,180,1987-09-09,2023-06-23,NA,NA,CPRD GOLD 100k
8,2006-01-01,2006-12-31,NA,3637,NA,NA,NA,FALSE,TRUE,TRUE,1,panc_can_broad,period,years,TRUE,start,FALSE,5,8,denominator_cohort_8,65 to 199,Female,180,1987-09-09,2023-06-23,NA,NA,CPRD GOLD 100k
8,2007-01-01,2007-12-31,NA,3752,NA,NA,NA,FALSE,TRUE,TRUE,1,panc_can_broad,period,years,TRUE,start,FALSE,5,8,denominator_cohort_8,65 to 199,Female,180,1987-09-09,2023-06-23,NA,NA,CPRD GOLD 100k
8,2008-01-01,2008-12-31,NA,3806,NA,NA,NA,FALSE,TRUE,TRUE,1,panc_can_broad,period,years,TRUE,start,FALSE,5,8,denominator_cohort_8,65 to 199,Female,180,1987-09-09,2023-06-23,NA,NA,CPRD GOLD 100k
8,2009-01-01,2009-12-31,NA,3812,NA,NA,NA,FALSE,TRUE,TRUE,1,panc_can_broad,period,years,TRUE,start,FALSE,5,8,denominator_cohort_8,65 to 199,Female,180,1987-09-09,2023-06-23,NA,NA,CPRD GOLD 100k
8,2010-01-01,2010-12-31,NA,3820,NA,NA,NA,FALSE,TRUE,TRUE,1,panc_can_broad,period,years,TRUE,start,FALSE,5,8,denominator_cohort_8,65 to 199,Female,180,1987-09-09,2023-06-23,NA,NA,CPRD GOLD 100k
8,2011-01-01,2011-12-31,6,3828,0.001567398119122257,7.185444132955378e-4,0.0034156190146375077,FALSE,FALSE,FALSE,1,panc_can_broad,period,years,TRUE,start,FALSE,5,8,denominator_cohort_8,65 to 199,Female,180,1987-09-09,2023-06-23,NA,NA,CPRD GOLD 100k
8,2012-01-01,2012-12-31,NA,3819,NA,NA,NA,FALSE,TRUE,TRUE,1,panc_can_broad,period,years,TRUE,start,FALSE,5,8,denominator_cohort_8,65 to 199,Female,180,1987-09-09,2023-06-23,NA,NA,CPRD GOLD 100k
8,2013-01-01,2013-12-31,NA,3799,NA,NA,NA,FALSE,TRUE,TRUE,1,panc_can_broad,period,years,TRUE,start,FALSE,5,8,denominator_cohort_8,65 to 199,Female,180,1987-09-09,2023-06-23,NA,NA,CPRD GOLD 100k
8,2014-01-01,2014-12-31,5,3697,0.001352447930754666,5.778189424302752e-4,0.003162265299142404,FALSE,FALSE,FALSE,1,panc_can_broad,period,years,TRUE,start,FALSE,5,8,denominator_cohort_8,65 to 199,Female,180,1987-09-09,2023-06-23,NA,NA,CPRD GOLD 100k
8,2015-01-01,2015-12-31,NA,3400,NA,NA,NA,FALSE,TRUE,TRUE,1,panc_can_broad,period,years,TRUE,start,FALSE,5,8,denominator_cohort_8,65 to 199,Female,180,1987-09-09,2023-06-23,NA,NA,CPRD GOLD 100k
8,2016-01-01,2016-12-31,5,2903,0.001722356183258698,7.359050091238397e-4,0.004025778425207527,FALSE,FALSE,FALSE,1,panc_can_broad,period,years,TRUE,start,FALSE,5,8,denominator_cohort_8,65 to 199,Female,180,1987-09-09,2023-06-23,NA,NA,CPRD GOLD 100k
8,2017-01-01,2017-12-31,6,2575,0.002330097087378641,0.0010683283871515269,0.005074530363048042,FALSE,FALSE,FALSE,1,panc_can_broad,period,years,TRUE,start,FALSE,5,8,denominator_cohort_8,65 to 199,Female,180,1987-09-09,2023-06-23,NA,NA,CPRD GOLD 100k
8,2018-01-01,2018-12-31,NA,2405,NA,NA,NA,FALSE,TRUE,TRUE,1,panc_can_broad,period,years,TRUE,start,FALSE,5,8,denominator_cohort_8,65 to 199,Female,180,1987-09-09,2023-06-23,NA,NA,CPRD GOLD 100k
8,2019-01-01,2019-12-31,NA,2362,NA,NA,NA,FALSE,TRUE,TRUE,1,panc_can_broad,period,years,TRUE,start,FALSE,5,8,denominator_cohort_8,65 to 199,Female,180,1987-09-09,2023-06-23,NA,NA,CPRD GOLD 100k
8,2020-01-01,2020-12-31,NA,2278,NA,NA,NA,FALSE,TRUE,TRUE,1,panc_can_broad,period,years,TRUE,start,FALSE,5,8,denominator_cohort_8,65 to 199,Female,180,1987-09-09,2023-06-23,NA,NA,CPRD GOLD 100k
8,2021-01-01,2021-12-31,NA,2129,NA,NA,NA,FALSE,TRUE,TRUE,1,panc_can_broad,period,years,TRUE,start,FALSE,5,8,denominator_cohort_8,65 to 199,Female,180,1987-09-09,2023-06-23,NA,NA,CPRD GOLD 100k
8,2022-01-01,2022-12-31,NA,2008,NA,NA,NA,FALSE,TRUE,TRUE,1,panc_can_broad,period,years,TRUE,start,FALSE,5,8,denominator_cohort_8,65 to 199,Female,180,1987-09-09,2023-06-23,NA,NA,CPRD GOLD 100k
9,1989-01-01,1989-12-31,0,163,0,1.734723475976807e-18,0.023024605801502673,FALSE,FALSE,FALSE,1,panc_can_broad,period,years,TRUE,start,FALSE,5,9,denominator_cohort_9,65 to 199,Both,180,1987-09-09,2023-06-23,NA,NA,CPRD GOLD 100k
9,1990-01-01,1990-12-31,0,703,0,4.336808689942018e-19,0.005434682378567998,FALSE,FALSE,FALSE,1,panc_can_broad,period,years,TRUE,start,FALSE,5,9,denominator_cohort_9,65 to 199,Both,180,1987-09-09,2023-06-23,NA,NA,CPRD GOLD 100k
9,1991-01-01,1991-12-31,0,1000,0,0,0.0038267584855551217,FALSE,FALSE,FALSE,1,panc_can_broad,period,years,TRUE,start,FALSE,5,9,denominator_cohort_9,65 to 199,Both,180,1987-09-09,2023-06-23,NA,NA,CPRD GOLD 100k
9,1992-01-01,1992-12-31,0,1160,0,-2.168404344971009e-19,0.0033006719184815996,FALSE,FALSE,FALSE,1,panc_can_broad,period,years,TRUE,start,FALSE,5,9,denominator_cohort_9,65 to 199,Both,180,1987-09-09,2023-06-23,NA,NA,CPRD GOLD 100k
9,1993-01-01,1993-12-31,0,1352,0,2.168404344971009e-19,0.0028332654940610904,FALSE,FALSE,FALSE,1,panc_can_broad,period,years,TRUE,start,FALSE,5,9,denominator_cohort_9,65 to 199,Both,180,1987-09-09,2023-06-23,NA,NA,CPRD GOLD 100k
9,1994-01-01,1994-12-31,0,1442,0,0,0.0026569018319805436,FALSE,FALSE,FALSE,1,panc_can_broad,period,years,TRUE,start,FALSE,5,9,denominator_cohort_9,65 to 199,Both,180,1987-09-09,2023-06-23,NA,NA,CPRD GOLD 100k
9,1995-01-01,1995-12-31,0,1574,0,0,0.0024346291569530038,FALSE,FALSE,FALSE,1,panc_can_broad,period,years,TRUE,start,FALSE,5,9,denominator_cohort_9,65 to 199,Both,180,1987-09-09,2023-06-23,NA,NA,CPRD GOLD 100k
9,1996-01-01,1996-12-31,NA,1794,NA,NA,NA,FALSE,TRUE,TRUE,1,panc_can_broad,period,years,TRUE,start,FALSE,5,9,denominator_cohort_9,65 to 199,Both,180,1987-09-09,2023-06-23,NA,NA,CPRD GOLD 100k
9,1997-01-01,1997-12-31,NA,2098,NA,NA,NA,FALSE,TRUE,TRUE,1,panc_can_broad,period,years,TRUE,start,FALSE,5,9,denominator_cohort_9,65 to 199,Both,180,1987-09-09,2023-06-23,NA,NA,CPRD GOLD 100k
9,1998-01-01,1998-12-31,NA,2350,NA,NA,NA,FALSE,TRUE,TRUE,1,panc_can_broad,period,years,TRUE,start,FALSE,5,9,denominator_cohort_9,65 to 199,Both,180,1987-09-09,2023-06-23,NA,NA,CPRD GOLD 100k
9,1999-01-01,1999-12-31,NA,2873,NA,NA,NA,FALSE,TRUE,TRUE,1,panc_can_broad,period,years,TRUE,start,FALSE,5,9,denominator_cohort_9,65 to 199,Both,180,1987-09-09,2023-06-23,NA,NA,CPRD GOLD 100k
9,2000-01-01,2000-12-31,NA,3621,NA,NA,NA,FALSE,TRUE,TRUE,1,panc_can_broad,period,years,TRUE,start,FALSE,5,9,denominator_cohort_9,65 to 199,Both,180,1987-09-09,2023-06-23,NA,NA,CPRD GOLD 100k
9,2001-01-01,2001-12-31,NA,4127,NA,NA,NA,FALSE,TRUE,TRUE,1,panc_can_broad,period,years,TRUE,start,FALSE,5,9,denominator_cohort_9,65 to 199,Both,180,1987-09-09,2023-06-23,NA,NA,CPRD GOLD 100k
9,2002-01-01,2002-12-31,6,4839,0.0012399256044637321,5.683890363569052e-4,0.002702719249015658,FALSE,FALSE,FALSE,1,panc_can_broad,period,years,TRUE,start,FALSE,5,9,denominator_cohort_9,65 to 199,Both,180,1987-09-09,2023-06-23,NA,NA,CPRD GOLD 100k
9,2003-01-01,2003-12-31,5,5449,9.175995595522114e-4,3.9200536983267703e-4,0.0021463884061872964,FALSE,FALSE,FALSE,1,panc_can_broad,period,years,TRUE,start,FALSE,5,9,denominator_cohort_9,65 to 199,Both,180,1987-09-09,2023-06-23,NA,NA,CPRD GOLD 100k
9,2004-01-01,2004-12-31,5,6128,8.159268929503916e-4,3.4856396952918597e-4,0.0019087446894843465,FALSE,FALSE,FALSE,1,panc_can_broad,period,years,TRUE,start,FALSE,5,9,denominator_cohort_9,65 to 199,Both,180,1987-09-09,2023-06-23,NA,NA,CPRD GOLD 100k
9,2005-01-01,2005-12-31,NA,6348,NA,NA,NA,FALSE,TRUE,TRUE,1,panc_can_broad,period,years,TRUE,start,FALSE,5,9,denominator_cohort_9,65 to 199,Both,180,1987-09-09,2023-06-23,NA,NA,CPRD GOLD 100k
9,2006-01-01,2006-12-31,6,6456,9.293680297397769e-4,4.260051181313756e-4,0.0020262932736601364,FALSE,FALSE,FALSE,1,panc_can_broad,period,years,TRUE,start,FALSE,5,9,denominator_cohort_9,65 to 199,Both,180,1987-09-09,2023-06-23,NA,NA,CPRD GOLD 100k
9,2007-01-01,2007-12-31,6,6667,8.999550022498875e-4,4.1252066352164235e-4,0.0019622110578787124,FALSE,FALSE,FALSE,1,panc_can_broad,period,years,TRUE,start,FALSE,5,9,denominator_cohort_9,65 to 199,Both,180,1987-09-09,2023-06-23,NA,NA,CPRD GOLD 100k
9,2008-01-01,2008-12-31,NA,6790,NA,NA,NA,FALSE,TRUE,TRUE,1,panc_can_broad,period,years,TRUE,start,FALSE,5,9,denominator_cohort_9,65 to 199,Both,180,1987-09-09,2023-06-23,NA,NA,CPRD GOLD 100k
9,2009-01-01,2009-12-31,NA,6816,NA,NA,NA,FALSE,TRUE,TRUE,1,panc_can_broad,period,years,TRUE,start,FALSE,5,9,denominator_cohort_9,65 to 199,Both,180,1987-09-09,2023-06-23,NA,NA,CPRD GOLD 100k
9,2010-01-01,2010-12-31,5,6869,7.279079924297568e-4,3.109576001868898e-4,0.001702977815554414,FALSE,FALSE,FALSE,1,panc_can_broad,period,years,TRUE,start,FALSE,5,9,denominator_cohort_9,65 to 199,Both,180,1987-09-09,2023-06-23,NA,NA,CPRD GOLD 100k
9,2011-01-01,2011-12-31,8,6911,0.0011575748806250904,5.866846838289685e-4,0.00228271715840474,FALSE,FALSE,FALSE,1,panc_can_broad,period,years,TRUE,start,FALSE,5,9,denominator_cohort_9,65 to 199,Both,180,1987-09-09,2023-06-23,NA,NA,CPRD GOLD 100k
9,2012-01-01,2012-12-31,5,6947,7.197351374694113e-4,3.0746577822212914e-4,0.0016838699331008734,FALSE,FALSE,FALSE,1,panc_can_broad,period,years,TRUE,start,FALSE,5,9,denominator_cohort_9,65 to 199,Both,180,1987-09-09,2023-06-23,NA,NA,CPRD GOLD 100k
9,2013-01-01,2013-12-31,6,6959,8.621928437993965e-4,3.952087331411384e-4,0.0018799340967484875,FALSE,FALSE,FALSE,1,panc_can_broad,period,years,TRUE,start,FALSE,5,9,denominator_cohort_9,65 to 199,Both,180,1987-09-09,2023-06-23,NA,NA,CPRD GOLD 100k
9,2014-01-01,2014-12-31,10,6786,0.0014736221632773356,8.006592888505411e-4,0.002710683202029219,FALSE,FALSE,FALSE,1,panc_can_broad,period,years,TRUE,start,FALSE,5,9,denominator_cohort_9,65 to 199,Both,180,1987-09-09,2023-06-23,NA,NA,CPRD GOLD 100k
9,2015-01-01,2015-12-31,NA,6265,NA,NA,NA,FALSE,TRUE,TRUE,1,panc_can_broad,period,years,TRUE,start,FALSE,5,9,denominator_cohort_9,65 to 199,Both,180,1987-09-09,2023-06-23,NA,NA,CPRD GOLD 100k
9,2016-01-01,2016-12-31,7,5357,0.0013067015120403211,6.331173650773263e-4,0.002694990536964414,FALSE,FALSE,FALSE,1,panc_can_broad,period,years,TRUE,start,FALSE,5,9,denominator_cohort_9,65 to 199,Both,180,1987-09-09,2023-06-23,NA,NA,CPRD GOLD 100k
9,2017-01-01,2017-12-31,9,4760,0.0018907563025210084,9.950709757268012e-4,0.0035897706923880427,FALSE,FALSE,FALSE,1,panc_can_broad,period,years,TRUE,start,FALSE,5,9,denominator_cohort_9,65 to 199,Both,180,1987-09-09,2023-06-23,NA,NA,CPRD GOLD 100k
9,2018-01-01,2018-12-31,NA,4463,NA,NA,NA,FALSE,TRUE,TRUE,1,panc_can_broad,period,years,TRUE,start,FALSE,5,9,denominator_cohort_9,65 to 199,Both,180,1987-09-09,2023-06-23,NA,NA,CPRD GOLD 100k
9,2019-01-01,2019-12-31,NA,4416,NA,NA,NA,FALSE,TRUE,TRUE,1,panc_can_broad,period,years,TRUE,start,FALSE,5,9,denominator_cohort_9,65 to 199,Both,180,1987-09-09,2023-06-23,NA,NA,CPRD GOLD 100k
9,2020-01-01,2020-12-31,NA,4217,NA,NA,NA,FALSE,TRUE,TRUE,1,panc_can_broad,period,years,TRUE,start,FALSE,5,9,denominator_cohort_9,65 to 199,Both,180,1987-09-09,2023-06-23,NA,NA,CPRD GOLD 100k
9,2021-01-01,2021-12-31,NA,3946,NA,NA,NA,FALSE,TRUE,TRUE,1,panc_can_broad,period,years,TRUE,start,FALSE,5,9,denominator_cohort_9,65 to 199,Both,180,1987-09-09,2023-06-23,NA,NA,CPRD GOLD 100k
9,2022-01-01,2022-12-31,NA,3714,NA,NA,NA,FALSE,TRUE,TRUE,1,panc_can_broad,period,years,TRUE,start,FALSE,5,9,denominator_cohort_9,65 to 199,Both,180,1987-09-09,2023-06-23,NA,NA,CPRD GOLD 100k
